Name,Price_usd,Price_kgs,Image,Specs,Description
Lexus ES V –†–µ—Å—Ç–∞–π–ª–∏–Ω–≥ 350 3.5 ,$ 11 400,966 720 —Å–æ–º,https://im.mashina.kg/tachka/images//6/d/3/6d3a3584e7d4b792c5b8441004b533b4_1200x900.jpg,"['–ì–æ–¥ –≤—ã–ø—É—Å–∫–∞2009', '–ü—Ä–æ–±–µ–≥198000 –∫–º', '–ö—É–∑–æ–≤—Å–µ–¥–∞–Ω', '–¶–≤–µ—Ç —Å–µ—Ä–µ–±—Ä–∏—Å—Ç—ã–π', '–î–≤–∏–≥–∞—Ç–µ–ª—å3.5 –ª. /  –±–µ–Ω–∑–∏–Ω', '–ö–æ—Ä–æ–±–∫–∞–∞–≤—Ç–æ–º–∞—Ç', '–ü—Ä–∏–≤–æ–¥–ø–µ—Ä–µ–¥–Ω–∏–π', '–†—É–ª—å—Å–ª–µ–≤–∞', '–°–æ—Å—Ç–æ—è–Ω–∏–µ–∏–¥–µ–∞–ª—å–Ω–æ–µ', '–¢–∞–º–æ–∂–Ω—è—Ä–∞—Å—Ç–∞–º–æ–∂–µ–Ω', '–ù–∞–ª–∏—á–∏–µ–≤ –Ω–∞–ª–∏—á–∏–∏']",–°—Ä–æ—á–Ω–æ —Å—Ä–æ—á–Ω–æ –∫–æ—Ä–µ–µ—Ü –ü–æ–ª–Ω–∞—è –∫–æ–º–ø–ª–µ–∫—Ç–∞—Ü–∏—è
Ford Econoline 5.4 ,$ 35 000,2 968 000 —Å–æ–º,https://im.mashina.kg/tachka/images//c/0/f/c0f8dcfe4da3a5c4efbed77e6c4d8386_1200x900.jpg,"['–ì–æ–¥ –≤—ã–ø—É—Å–∫–∞2005', '–ü—Ä–æ–±–µ–≥120000 –∫–º', '–ö—É–∑–æ–≤–º–∏–Ω–∏–≤—ç–Ω', '–¶–≤–µ—Ç –±–µ–ª—ã–π', '–î–≤–∏–≥–∞—Ç–µ–ª—å5.4 –ª. /  –±–µ–Ω–∑–∏–Ω', '–ö–æ—Ä–æ–±–∫–∞–∞–≤—Ç–æ–º–∞—Ç', '–ü—Ä–∏–≤–æ–¥–∑–∞–¥–Ω–∏–π', '–†—É–ª—å—Å–ª–µ–≤–∞', '–°–æ—Å—Ç–æ—è–Ω–∏–µ—Ö–æ—Ä–æ—à–µ–µ', '–¢–∞–º–æ–∂–Ω—è—Ä–∞—Å—Ç–∞–º–æ–∂–µ–Ω', '–ù–∞–ª–∏—á–∏–µ–≤ –Ω–∞–ª–∏—á–∏–∏']","FORD E-350 –û–±—ä—ë–º 6.0 —Ç—É—Ä–±–æ–¥–∏–∑–µ–ª—å –¶–≤–µ—Ç:–±–µ–ª—ã–π –†–ê–ü–¢–û–† –û–¥–∏–Ω –µ–¥–∏–Ω—Å—Ç–≤–µ–Ω–Ω—ã–π —Ö–æ–∑—è–∏–Ω,–æ–±—Å–ª—É–∂–∏–≤–∞–ª–∞—Å—å –≤—Å–µ–≥–¥–∞ —Å–≤–æ–µ–≤—Ä–µ–º–µ–Ω–Ω–æ –ü–æ–ª–Ω—ã–π –ø—Ä–∏–≤–æ–¥ 4—Ö4 –°–∏–ª–æ–≤—ã–µ –±–∞–º–ø–µ—Ä–∞,—à–Ω–æ—Ä–∫–µ–ª—å –õ–µ–±–µ–¥–∫–∞ 8 —Ç–æ–Ω–Ω –£—Å–∏–ª–µ–Ω–Ω–∞—è –ø–æ–¥–≤–µ—Å–∫–∞  –°–∏–ª–æ–≤–æ–π –±–∞–≥–∞–∂–Ω–∏–∫ –Ω–∞ –∫—Ä—ã—à–µ, —Å –ª–µ—Å—Ç–Ω–∏—Ü–µ–π  –î–æ–ø–æ–ª–Ω–∏—Ç–µ–ª—å–Ω—ã–π –±–∞–∫ –Ω–∞ 200 –ª–∏—Ç—Ä–æ–≤ –°–∞–ª–æ–Ω –Ω–∞ 9 –º–µ—Å—Ç,–∫–æ–º—Ñ–æ—Ä—Ç–∞–±–µ–ª—å–Ω—ã–µ —Å–∏–¥–µ–Ω—å—è –ë–æ–ª—å—à–æ–µ –±–∞–≥–∞–∂–Ω–æ–µ –æ—Ç–¥–µ–ª–µ–Ω–∏–µ –ö—Ä–µ–ø–ª–µ–Ω–∏–µ –¥–ª—è —Ö–∞–π–∂–µ–∫–∞  35—ã–µ –∫–æ–ª–µ—Å–∞ –Ω–∞ –Ω–æ–≤–æ–π —Ä–µ–∑–∏–Ω–µ –§–∞—Ä—ã –ª–∏–Ω–∑—ã –±–∏–∫—Å–µ–Ω–æ–Ω,+ –¥–æ–ø–æ–ª–Ω–∏—Ç–µ–ª—å–Ω—ã–µ LED –ú–∞—à–∏–Ω–∞ –Ω–µ —Ç—Ä–µ–±—É–µ—Ç –Ω–∏–∫–∞–∫–∏—Ö –≤–ª–æ–∂–µ–Ω–∏–π –ü–æ–¥–≥–æ—Ç–æ–≤–ª–µ–Ω–∞ –ø–æ–ª–Ω–æ—Å—Ç—å—é –¥–ª—è —Ç—è–∂—ë–ª–æ–≥–æ –±–µ–∑–¥–æ—Ä–æ–∂—å—è –í –º–∞—à–∏–Ω—É –≤–ª–æ–∂–µ–Ω–æ –æ—á–µ–Ω—å –º–Ω–æ–≥–æ —Å–∏–ª –∏ –≤—Ä–µ–º–µ–Ω–∏,–ø–æ–¥—Ä–æ–±–Ω–µ–π —Ä–∞—Å—Å–∫–∞–∂—É –ø–æ —Ç–µ–ª–µ—Ñ–æ–Ω—É –¶–µ–Ω–∞: 35000$ –æ–±–º–µ–Ω –≤ –æ–±–µ —Å—Ç–æ—Ä–æ–Ω—ã  0507455555"
Mercedes-Benz S-–∫–ª–∞—Å—Å V (W221) –†–µ—Å—Ç–∞–π–ª–∏–Ω–≥ 350 3.5 ,$ 13 900,1 178 720 —Å–æ–º,https://im.mashina.kg/tachka/images//0/7/9/079763560d17706cf34e28e7c6165ad9_1200x900.jpg,"['–ì–æ–¥ –≤—ã–ø—É—Å–∫–∞2009', '–ü—Ä–æ–±–µ–≥218000 –∫–º', '–ö—É–∑–æ–≤—Å–µ–¥–∞–Ω', '–¶–≤–µ—Ç —á–µ—Ä–Ω—ã–π', '–î–≤–∏–≥–∞—Ç–µ–ª—å3.5 –ª. /  –±–µ–Ω–∑–∏–Ω', '–ö–æ—Ä–æ–±–∫–∞–∞–≤—Ç–æ–º–∞—Ç', '–ü—Ä–∏–≤–æ–¥–ø–æ–ª–Ω—ã–π', '–†—É–ª—å—Å–ª–µ–≤–∞', '–°–æ—Å—Ç–æ—è–Ω–∏–µ—Ö–æ—Ä–æ—à–µ–µ', '–¢–∞–º–æ–∂–Ω—è—Ä–∞—Å—Ç–∞–º–æ–∂–µ–Ω', '–û–±–º–µ–Ω–æ–±–º–µ–Ω –Ω–µ –ø—Ä–µ–¥–ª–∞–≥–∞—Ç—å', '–ù–∞–ª–∏—á–∏–µ–≤ –Ω–∞–ª–∏—á–∏–∏']","Mercedes-Benz   –ì–æ–¥: 2009  –û–±—ä–µ–º: 3.5  –ö–ü–ü: –∞–≤—Ç–æ–º–∞—Ç   –ü—Ä–∏–≤–æ–¥: –ø–æ–ª–Ω—ã–π  –¶–≤–µ—Ç: —á—ë—Ä–Ω—ã–π   –°–∞–ª–æ–Ω: –∫–æ–∂–∞  –î–æ–ø. –∏–Ω—Ñ–æ.: –ú–∞—à–∏–Ω–∞ –≤ —Ö–æ—Ä–æ—à–µ–º —Å–æ—Å—Ç–æ—è–Ω–∏–µ!–°—Ç–µ–∫–ª–∞ –≤—Å–µ –≤–∫–ª—é—á–∞—è –ª–æ–±–æ–≤–æ–µ –≤ –æ—Ä–∏–≥–∏–Ω–∞–ª–µ, —Å–∞–ª–æ–Ω —á–∏—Å—Ç—ã–π –Ω–µ –ø—Ä–æ–∫—É—Ä–µ–Ω–Ω—ã–π, –Ω–∞ —Ä—ã–∂–µ–π –∫–æ–∂–µ.  –î–≤–∏–≥–∞—Ç–µ–ª—å –ø–æ–ª–Ω–æ—Å—Ç—å—é –æ–±—Å–ª—É–∂–µ–Ω, —Ä–µ–º–Ω–∏, —Å–≤–µ—á–∏, –∂–∏–¥–∫–æ—Å—Ç–∏ –∏ —Ç. –¥. –Ω–æ–≤—ã–µ –≤ –æ—Ä–∏–≥–∏–Ω–∞–ª–µ.  –•–æ–¥–æ–≤–∫–∞ –≤ –æ—Ç–ª–∏—á–Ω–æ–º —Å–æ—Å—Ç–æ—è–Ω–∏–∏. –ú–∞—à–∏–Ω—É –ª—é–±–∏–ª–∏ –∏ –æ—Ç–Ω–æ—Å–∏–ª–∏—Å—å –±–µ—Ä–µ–∂–Ω–æ. –ë—Ä–∞–ª–∏ –¥–ª—è —Å–µ–±—è , –≤—Å–µ –≤–æ–ø—Ä–æ—Å—ã –ø–æ —Ç–µ–ª–µ—Ñ–æ–Ω—É. –¢–∞–∫ –∂–µ –µ—Å—Ç—å Whats Up +996555031122    –ü—Ä–æ—à—É 13900 –ø–ª—é—Å —Ä–∞–∑—É–º–Ω—ã–π —Ç–æ—Ä–≥ —Ç–æ–ª—å–∫–æ —É –∫–∞–ø–æ—Ç–∞.   –û–±–º–µ–Ω–∞ –Ω–µ—Ç, —Ç–æ–ª—å–∫–æ –Ω–∞–ª–∏—á–Ω—ã–µ.  –¢–µ–ª.: 0707031122"
Toyota Caldina III 2.0 ,$ 3 999,339 115 —Å–æ–º,https://im.mashina.kg/tachka/images//d/3/f/d3f739079e258f0979d71643654c0ab8_1200x900.jpg,"['–ì–æ–¥ –≤—ã–ø—É—Å–∫–∞2003', '–ü—Ä–æ–±–µ–≥200000 –∫–º', '–ö—É–∑–æ–≤—É–Ω–∏–≤–µ—Ä—Å–∞–ª', '–¶–≤–µ—Ç —Å–∏–Ω–∏–π', '–î–≤–∏–≥–∞—Ç–µ–ª—å2.0 –ª. /  –±–µ–Ω–∑–∏–Ω', '–ö–æ—Ä–æ–±–∫–∞–∞–≤—Ç–æ–º–∞—Ç', '–ü—Ä–∏–≤–æ–¥–ø–æ–ª–Ω—ã–π', '–†—É–ª—å—Å–ø—Ä–∞–≤–∞', '–°–æ—Å—Ç–æ—è–Ω–∏–µ—Ö–æ—Ä–æ—à–µ–µ', '–¢–∞–º–æ–∂–Ω—è—Ä–∞—Å—Ç–∞–º–æ–∂–µ–Ω', '–û–±–º–µ–Ω—Ä–∞—Å—Å–º–æ—Ç—Ä—é –≤–∞—Ä–∏–∞–Ω—Ç—ã', '–ù–∞–ª–∏—á–∏–µ–≤ –Ω–∞–ª–∏—á–∏–∏']",–°—Ä–æ—á–Ω–æ –¢–æ–π–æ—Ç–∞ –ö–∞–ª–¥–∏–Ω–∞ 2003 –≥–æ–¥ –í–µ—Å—å –≤ —Ä–æ–¥–Ω–æ–π –∫—Ä–∞—Å–∫–µ –í—Å–µ —Å—Ç–µ–∫–ª–∞ —Ä–æ–¥–Ω—ã–µ –∫–æ—Å—Ç–∏ —Ü–µ–ª—ã–µ –ú–æ—Ç–æ—Ä –∫–æ—Ä–æ–±–∫–∞ –±–µ–∑ –Ω–∞—Ä–µ–∫–∞–Ω–∏–π –í–ª–æ–∂–µ–Ω–∏—è –ø–æ –º–µ–ª–æ—á–∞–º –ü–æ–¥—Ä–æ–±–Ω–µ–µ –ø–æ —Ç–µ–ª–µ—Ñ–æ–Ω—É 
Toyota Mark II IX (X110) 2.5 ,$ 4 650,394 320 —Å–æ–º,https://im.mashina.kg/tachka/images//8/1/1/8115bbf9cc31a7bd0e7345e6d389d5a3_1200x900.jpg,"['–ì–æ–¥ –≤—ã–ø—É—Å–∫–∞2002', '–ü—Ä–æ–±–µ–≥250000 –∫–º', '–ö—É–∑–æ–≤—Å–µ–¥–∞–Ω', '–¶–≤–µ—Ç —Å–µ—Ä–µ–±—Ä–∏—Å—Ç—ã–π', '–î–≤–∏–≥–∞—Ç–µ–ª—å2.5 –ª. /  –±–µ–Ω–∑–∏–Ω', '–ö–æ—Ä–æ–±–∫–∞–∞–≤—Ç–æ–º–∞—Ç', '–ü—Ä–∏–≤–æ–¥–∑–∞–¥–Ω–∏–π', '–†—É–ª—å—Å–ø—Ä–∞–≤–∞', '–°–æ—Å—Ç–æ—è–Ω–∏–µ—Ö–æ—Ä–æ—à–µ–µ', '–¢–∞–º–æ–∂–Ω—è—Ä–∞—Å—Ç–∞–º–æ–∂–µ–Ω', '–û–±–º–µ–Ω–æ–±–º–µ–Ω –Ω–µ –ø—Ä–µ–¥–ª–∞–≥–∞—Ç—å', '–ù–∞–ª–∏—á–∏–µ–≤ –Ω–∞–ª–∏—á–∏–∏', '–ü—Ä–æ—á–µ–µ–≤–ª–æ–∂–µ–Ω–∏–π –Ω–µ —Ç—Ä–µ–±—É–µ—Ç']","–ü—Ä–æ–¥–∞–µ—Ç—Å—è –¢–æ–π–æ—Ç–∞ –ú–∞—Ä–∫ 2. 110 –∫—É–∑–æ–≤ 2.5. –°–æ—Å—Ç–æ—è–Ω–∏–µ —Ö–æ—Ä–æ—à–∞—è –¥–µ–ª–∞—Ç—å –Ω–∏—á–µ–≥–æ –Ω–µ –Ω–∞–¥–æ,  .–ê–ö–ü –æ—Ç–ª–∏—á–Ω–æ .–ú–∞—Ç–æ—Ä –æ—Ç–ª–∏—á–Ω–æ (–Ω–µ –¥—ã–º–∏—Ç—Å—è –∏ –Ω–µ –∂—Ä—ë—Ç –º–∞—Å–ª–æ) . –∫—É–∑–æ–≤ –≤ –æ—Å–Ω–æ–≤–Ω–æ–º —Ä–æ–¥–Ω–∞—è –∫—Ä–∞—Å–∫–∞ –æ—Å–≤–µ–∂—ë–Ω–Ω—ã–µ –±–∞–º–ø–µ—Ä–∞, –≤ –î–¢–ü –Ω–µ —É—á–∞—Å—Ç–≤–æ–≤–∞–ª. . —ç–ª–µ–∫—Ç—Ä–æ–Ω–∏–∫–∞ –ø–æ–ª–Ω–æ—Å—Ç—å—é —Ä–∞–±–æ—á–∞—è, –Ω–∞ –ø–∞–Ω–µ–ª–∏ –Ω–∏—á–µ–≥–æ –Ω–µ –≥–æ—Ä–∏—Ç –≤—Å—ë –ø–æ –∑–∞–≤–æ–¥—É. . –∫–æ–Ω–¥—ë—Ä –ø–µ—á–∫–∞ –æ—Ç–ª–∏—á–Ω–æ —Ä–∞–±–æ—Ç–∞–µ—Ç .—Å–∞–ª–æ–Ω —á–∏—Å—Ç—ã–π –Ω–µ —Å–æ—Ä–∏–ª–∏ –Ω–µ –∫—É—Ä–∏–ª–∏  . –í—Å–µ —Å—Ç—ë–∫–ª–∞ —Å–≤–æ–∏ —Ä–æ–¥–Ω—ã–µ –ª–æ–±–æ–≤—ã–µ –∏—Ç–¥ –±–µ–∑ —Ç—Ä–µ—â–∏–Ω –∏ —Å–∫–æ–ª–æ–≤."
Toyota Land Cruiser 200 Series –†–µ—Å—Ç–∞–π–ª–∏–Ω–≥ 4.6 ,$ 36 800,3 120 640 —Å–æ–º,https://im.mashina.kg/tachka/images//9/8/a/98a1c6903953703185a5e5cc058daaf0_1200x900.jpg,"['–ì–æ–¥ –≤—ã–ø—É—Å–∫–∞2012', '–ü—Ä–æ–±–µ–≥168000 –∫–º', '–ö—É–∑–æ–≤–≤–Ω–µ–¥–æ—Ä–æ–∂–Ω–∏–∫ 5 –¥–≤.', '–¶–≤–µ—Ç –±–µ–ª—ã–π', '–î–≤–∏–≥–∞—Ç–µ–ª—å4.6 –ª. /  –±–µ–Ω–∑–∏–Ω', '–ö–æ—Ä–æ–±–∫–∞–∞–≤—Ç–æ–º–∞—Ç', '–ü—Ä–∏–≤–æ–¥–ø–æ–ª–Ω—ã–π', '–†—É–ª—å—Å–ª–µ–≤–∞', '–°–æ—Å—Ç–æ—è–Ω–∏–µ–∏–¥–µ–∞–ª—å–Ω–æ–µ', '–¢–∞–º–æ–∂–Ω—è—Ä–∞—Å—Ç–∞–º–æ–∂–µ–Ω', '–ù–∞–ª–∏—á–∏–µ–≤ –Ω–∞–ª–∏—á–∏–∏', '–ü—Ä–æ—á–µ–µ–≤–ª–æ–∂–µ–Ω–∏–π –Ω–µ —Ç—Ä–µ–±—É–µ—Ç']",–Ø–ø–æ–Ω—Å–∫–∞—è —Å–±–æ—Ä–∫–∞ –∞–≤—Ç–æ–º–æ–±–∏–ª—å –±–µ–∑ –≤–ª–æ–∂–µ–Ω–∏–π –ø—Ä–∏–æ–±—Ä–µ—Ç–∞–ª–∏ –¥–ª—è —Å–µ–±—è –¥–æ–ø–æ–ª–Ω–∏—Ç–µ–ª—å–Ω–æ –ø–æ–ª–Ω–∞—è —à—É–º–æ–≤–∏–±—Ä–æ–∏–∑–æ–ª—è—Ü–∏—è —Å–∞–º—ã–π –ø–æ–ª–Ω—ã–π 200 –∫—Ä—É–∑–∞–∫ –ø–æ–¥–æ–≥—Ä–µ–≤ —Ä—É–ª—è 360 –∫–∞–º–µ—Ä–∞ —ç–ª–µ–∫—Ç—Ä–æ –±–∞–≥–∞–∂–Ω–∏–∫ 3-—Ä—è–¥–∞ —Å–∏–¥–µ–Ω–∏–π –Ω–∞ –æ–±–º–µ–Ω —Ü–µ–Ω–∞ 40000$$$ 
Opel Zafira A 1.8 ,$ 3 066,260 000 —Å–æ–º,https://im.mashina.kg/tachka/images//2/d/b/2dbf80508a1ee26919238b8ad84e936f_1200x900.jpg,"['–ì–æ–¥ –≤—ã–ø—É—Å–∫–∞2002', '–ü—Ä–æ–±–µ–≥170000 –∫–º', '–ö—É–∑–æ–≤–º–∏–Ω–∏–≤—ç–Ω', '–¶–≤–µ—Ç —Å–µ—Ä–µ–±—Ä–∏—Å—Ç—ã–π', '–î–≤–∏–≥–∞—Ç–µ–ª—å1.8 –ª. /  –±–µ–Ω–∑–∏–Ω', '–ö–æ—Ä–æ–±–∫–∞–º–µ—Ö–∞–Ω–∏–∫–∞', '–ü—Ä–∏–≤–æ–¥–ø–µ—Ä–µ–¥–Ω–∏–π', '–†—É–ª—å—Å–ª–µ–≤–∞', '–°–æ—Å—Ç–æ—è–Ω–∏–µ–∏–¥–µ–∞–ª—å–Ω–æ–µ', '–¢–∞–º–æ–∂–Ω—è—Ä–∞—Å—Ç–∞–º–æ–∂–µ–Ω', '–ù–∞–ª–∏—á–∏–µ–≤ –Ω–∞–ª–∏—á–∏–∏']",–°—Ä–æ—á–Ω–æ –ø—Ä–æ–¥–∞–º 
Toyota Camry IX (XV70) 2.5 ,$ 26 500,2 247 200 —Å–æ–º,https://im.mashina.kg/tachka/images//9/6/c/96c6c749e18f6ea8bdd9e7d45f541489_1200x900.jpg,"['–ì–æ–¥ –≤—ã–ø—É—Å–∫–∞2019', '–ü—Ä–æ–±–µ–≥48000 –∫–º', '–ö—É–∑–æ–≤—Å–µ–¥–∞–Ω', '–¶–≤–µ—Ç —á–µ—Ä–Ω—ã–π', '–î–≤–∏–≥–∞—Ç–µ–ª—å2.5 –ª. /  –±–µ–Ω–∑–∏–Ω', '–ö–æ—Ä–æ–±–∫–∞–∞–≤—Ç–æ–º–∞—Ç', '–ü—Ä–∏–≤–æ–¥–ø–µ—Ä–µ–¥–Ω–∏–π', '–†—É–ª—å—Å–ª–µ–≤–∞', '–°–æ—Å—Ç–æ—è–Ω–∏–µ—Ö–æ—Ä–æ—à–µ–µ', '–¢–∞–º–æ–∂–Ω—è—Ä–∞—Å—Ç–∞–º–æ–∂–µ–Ω', '–ù–∞–ª–∏—á–∏–µ–≤ –Ω–∞–ª–∏—á–∏–∏', '–ü—Ä–æ—á–µ–µ–≤–ª–æ–∂–µ–Ω–∏–π –Ω–µ —Ç—Ä–µ–±—É–µ—Ç']","–ü—Ä–æ–¥–∞—é  –ö–∞–º—Ä–∏ 70 –ï–≤—Ä–æ–ø–µ–µ—Ü  –ì–æ–¥: 2019 –û–±—ä—ë–º: 2.5 –¶–≤–µ—Ç: —á—ë—Ä–Ω—ã–π  –ö–æ–º–ø–ª–µ–∫—Ç–∞—Ü–∏—è: ¬´–ü—Ä–µ—Å—Ç–∏–∂ Safety¬ª –û—á–µ–Ω—å —Ö–æ—Ä–æ—à–∞—è –∫–æ–º–ø–ª–µ–∫—Ç–∞—Ü–∏—è: —á—ë—Ä–Ω—ã–π –Ω–∞ —á—ë—Ä–Ω–æ–º, —Ä–∞—Å–ø–æ–∑–Ω–∞–≤–∞–Ω–∏–µ –∑–Ω–∞–∫–æ–≤, —É–¥–µ—Ä–∂–∞–Ω–∏–µ –ø–æ–ª–æ—Å—ã, –ø—Ä–µ–¥—É–ø—Ä–µ–∂–¥–µ–Ω–∏–µ —Å—Ç–æ–ª–∫–Ω–æ–≤–µ–Ω–∏–µ, –ø—Ä–µ–¥—É–ø—Ä–µ–∂–¥–µ–Ω–∏–µ –ø–µ—à–µ—Ö–æ–¥–∞, –æ–±–æ–≥—Ä–µ–≤ —Ä—É–ª—è, –æ–±–æ–≥—Ä–µ–≤ –ª–æ–±–æ–≤–æ–≥–æ —Å—Ç–µ–∫–ª–∞, –ø–æ–¥–æ–≥—Ä–µ–≤ –≤—Å–µ—Ö —Å–∏–¥–µ–Ω–∏–π –¥–∏—Å–∫–∏ R 18, –µ—â—ë –º–Ω–æ–≥–æ–µ –¥—Ä—É–≥–æ–µ. –ú–∞—à–∏–Ω–∞ –Ω–µ –±–∏—Ç–∞—è –Ω–µ–∫—Ä–∞—à–µ–Ω–∞—è. –ú–∞—à–∏–Ω–∞ –ø—Ä–æ–¥–∞—ë—Ç—Å—è –±–µ–∑ ¬´–Ω–æ–º–µ—Ä–æ–≤¬ª"
BMW 7 –°–µ—Ä–∏—è V (F01/F02/F04) 750i 4.4 ,$ 18 500,1 568 800 —Å–æ–º,https://im.mashina.kg/tachka/images//c/b/d/cbdcbe297c4d03a03c119cff46e33260_1200x900.jpg,"['–ì–æ–¥ –≤—ã–ø—É—Å–∫–∞2009', '–ü—Ä–æ–±–µ–≥180000 –∫–º', '–ö—É–∑–æ–≤—Å–µ–¥–∞–Ω', '–¶–≤–µ—Ç —á–µ—Ä–Ω—ã–π', '–î–≤–∏–≥–∞—Ç–µ–ª—å4.4 –ª. /  –±–µ–Ω–∑–∏–Ω', '–ö–æ—Ä–æ–±–∫–∞–∞–≤—Ç–æ–º–∞—Ç', '–ü—Ä–∏–≤–æ–¥–∑–∞–¥–Ω–∏–π', '–†—É–ª—å—Å–ª–µ–≤–∞', '–°–æ—Å—Ç–æ—è–Ω–∏–µ–∏–¥–µ–∞–ª—å–Ω–æ–µ', '–¢–∞–º–æ–∂–Ω—è—Ä–∞—Å—Ç–∞–º–æ–∂–µ–Ω', '–ù–∞–ª–∏—á–∏–µ–≤ –Ω–∞–ª–∏—á–∏–∏', '–ü—Ä–æ—á–µ–µ–≤–ª–æ–∂–µ–Ω–∏–π –Ω–µ —Ç—Ä–µ–±—É–µ—Ç']","–ü—Ä–æ–¥–∞—é –ë–ú–í 750i, –∫–æ—Ä–æ—Ç–∫–∞—è –±–∞–∑–∞, –∑–∞–¥–Ω–∏–π –ø—Ä–∏–≤–æ–¥. –ù–∞ –º–∞—à–∏–Ω–µ –∏–º–µ–µ—Ç—Å—è: –¥–æ–≤–æ–¥—á–∏–∫–∏ –¥–≤–µ—Ä–µ–π, –∫–æ–º—Ñ–æ—Ä—Ç–Ω—ã–µ —Å–∏–¥–µ–Ω—å—è, –ø–æ–¥–æ–≥—Ä–µ–≤ –≤—Å–µ—Ö —Å–∏–¥–µ–Ω–∏–π, –æ–±–¥—É–≤ –ø–µ—Ä–µ–¥–Ω–∏—Ö —Å–∏–¥–µ–Ω–∏–π, –º–∞—Å—Å–∞–∂ –ø–µ—Ä–µ–¥–Ω–∏—Ö —Å–∏–¥–µ–Ω–∏–π, —ç–ª–µ–∫—Ç—Ä–æ—Ä—É–ª—å, —à—Ç–æ—Ä–∫–∏ –∑–∞–¥–Ω–∏–µ –∏ –±–æ–∫–æ–≤—ã–µ –∏ –º–Ω–æ–≥–æ–µ, –º–Ω–æ–≥–æ–µ –¥—Ä—É–≥–æ–µ, –ø–µ—Ä–µ—á–∏—Å–ª—è—Ç—å —Å–º—ã—Å–ª–∞ –Ω–µ—Ç, —ç—Ç–æ –∑–∞–π–º–µ—Ç –æ—á–µ–Ω—å –º–Ω–æ–≥–æ –≤—Ä–µ–º–µ–Ω–∏.–ú–∞—à–∏–Ω–∞ –≤ –æ—á–µ–Ω—å —Ö–æ—Ä–æ—à–µ–º —Å–æ—Å—Ç–æ—è–Ω–∏–∏, —Ä–µ–≥—É–ª—è—Ä–Ω–æ –æ–±—Å–ª—É–∂–∏–≤–∞–µ—Ç—Å—è –≤ –æ—Ñ–∏—Ü–∏–∞–ª—å–Ω–æ–º –ø—Ä–µ–¥—Å—Ç–∞–≤–∏—Ç–µ–ª—å—Å—Ç–≤–µ –ë–ú–í –≤ –ö—ã—Ä–≥—ã–∑—Å—Ç–∞–Ω–µ -–≠—Å—Ç–æ–∫–∞–¥–∞. –í –º–∞—à–∏–Ω–µ —É—Å—Ç—Ä–∞–Ω–µ–Ω—ã –≤—Å–µ ¬´–±–æ–ª—è—á–∫–∏¬ª —ç—Ç–æ–≥–æ –∫—É–∑–æ–≤–∞. –ù–∞ –º–∞—à–∏–Ω–µ —Å—Ç–æ–∏—Ç –Ω–æ–≤—ã–π –∞–∫–∫—É–º—É–ª—è—Ç–æ—Ä Varta, –Ω–∞ –≥–∞—Ä–∞–Ω—Ç–∏–∏, –Ω–æ–≤–∞—è –ª–µ—Ç–Ω—è—è —Ä–µ–∑–∏–Ω–∞(500–∫–º), –Ω–æ–≤—ã–µ –¥–∏—Å–∫–∏ –æ—Ç G —Å–µ—Ä–∏–∏, 300 –∫–º –Ω–∞–∑–∞–¥ –∑–∞–º–µ–Ω–µ–Ω–æ –º–∞—Å–ª–æ –≤ –¥–≤–∏–≥–∞—Ç–µ–ª–µ LIQUI MOLY (–ª—å—é —Å—Ç—Ä–æ–≥–æ —ç—Ç–æ –º–∞—Å–ª–æ), –ø—Ä–∏–º–µ—Ä–Ω–æ 10 —Ç—ã—Å –∫–º –Ω–∞–∑–∞–¥ –∑–∞–º–µ–Ω–µ–Ω–æ –º–∞—Å–ª–æ –≤ –ê–ö–ü–ü, —Ç–æ–∂–µ LIQUI MOLY. –¢–∞–∫–∂–µ –∑–∞–º–µ–Ω–µ–Ω—ã –≤—Å–µ —Ñ–∏–ª—å—Ç—Ä–∞ –∏ —Ä–∞—Å—Ö–æ–¥–Ω–∏–∫–∏. –ú–∞—à–∏–Ω–∞ –æ–±—Å–ª—É–∂–∏–≤–∞–µ—Ç—Å—è —É –æ—Ñ–∏—Ü–∏–∞–ª—å–Ω–æ–≥–æ –¥–∏–ª–µ—Ä–∞, –∏–º–µ–µ—Ç—Å—è –∏—Å—Ç–æ—Ä–∏—è –æ–±—Å–ª—É–∂–∏–≤–∞–Ω–∏—è, —á–µ–∫–∏, –∫–≤–∏—Ç–∞–Ω—Ü–∏–∏. –ú–∞—à–∏–Ω–∞ –¥–ª—è —Å–µ–±—è, —Å–æ—Å—Ç–æ—è–Ω–∏–µ –æ—á–µ–Ω—å —Ö–æ—Ä–æ—à–µ–µ."
Chevrolet Camaro V –†–µ—Å—Ç–∞–π–ª–∏–Ω–≥ 3.6 ,$ 28 500,2 416 800 —Å–æ–º,https://im.mashina.kg/tachka/images//9/c/5/9c5c0e0a64f238a2ea67334731c69f52_1200x900.jpg,"['–ì–æ–¥ –≤—ã–ø—É—Å–∫–∞2014', '–ü—Ä–æ–±–µ–≥60000 –∫–º', '–ö—É–∑–æ–≤–∫—É–ø–µ', '–¶–≤–µ—Ç —á–µ—Ä–Ω—ã–π', '–î–≤–∏–≥–∞—Ç–µ–ª—å3.6 –ª. /  –±–µ–Ω–∑–∏–Ω', '–ö–æ—Ä–æ–±–∫–∞–∞–≤—Ç–æ–º–∞—Ç', '–ü—Ä–∏–≤–æ–¥–∑–∞–¥–Ω–∏–π', '–†—É–ª—å—Å–ª–µ–≤–∞', '–°–æ—Å—Ç–æ—è–Ω–∏–µ–∏–¥–µ–∞–ª—å–Ω–æ–µ', '–¢–∞–º–æ–∂–Ω—è—Ä–∞—Å—Ç–∞–º–æ–∂–µ–Ω', '–û–±–º–µ–Ω—Ä–∞—Å—Å–º–æ—Ç—Ä—é –≤–∞—Ä–∏–∞–Ω—Ç—ã', '–ù–∞–ª–∏—á–∏–µ–≤ –Ω–∞–ª–∏—á–∏–∏']","–º–∞—à–∏–Ω–∞ –≤ –æ—Ç–ª–∏—á–Ω–æ–º —Å–æ—Å—Ç–æ—è–Ω–∏–µ, –¥–ª—è —Ç–µ—Ö –∫—Ç–æ –∏—â–µ—Ç —Å–µ—Ä—å–µ–∑–Ω—ã–π –∞–ø–ø–∞—Ä–∞—Ç. –≤ –æ–¥–Ω–∏—Ö —Ä—É–∫–∞—Ö, –±–µ–∑ –≤–ª–æ–∂–µ–Ω–∏–π. –ª—é–±—ã–µ –ø—Ä–æ–≤–µ—Ä–∫–∏ –∑–∞ –≤–∞—à —Å—á—ë—Ç! –µ—Å—Ç—å –æ–±–º–µ–Ω –≤–∞—Ä–∏–∞–Ω—Ç—ã —Å –¥–æ–ø–ª–∞—Ç–æ–π –º–Ω–µ!! WhatsApp +996550857777.  0558288777"
Mercedes-Benz G-–∫–ª–∞—Å—Å II (W463) 400 4.0 ,$ 24 000,2 035 200 —Å–æ–º,https://im.mashina.kg/tachka/images//9/c/6/9c6f6ea4f9320af39eaa4b3a678ef19b_1200x900.jpg,"['–ì–æ–¥ –≤—ã–ø—É—Å–∫–∞2004', '–ü—Ä–æ–±–µ–≥158000 –∫–º', '–ö—É–∑–æ–≤–≤–Ω–µ–¥–æ—Ä–æ–∂–Ω–∏–∫', '–¶–≤–µ—Ç —Å–µ—Ä—ã–π', '–î–≤–∏–≥–∞—Ç–µ–ª—å4.0 –ª. /  –¥–∏–∑–µ–ª—å', '–ö–æ—Ä–æ–±–∫–∞–∞–≤—Ç–æ–º–∞—Ç', '–ü—Ä–∏–≤–æ–¥–ø–æ–ª–Ω—ã–π', '–†—É–ª—å—Å–ª–µ–≤–∞', '–°–æ—Å—Ç–æ—è–Ω–∏–µ—Ö–æ—Ä–æ—à–µ–µ', '–¢–∞–º–æ–∂–Ω—è—Ä–∞—Å—Ç–∞–º–æ–∂–µ–Ω', '–û–±–º–µ–Ω—Ä–∞—Å—Å–º–æ—Ç—Ä—é –≤–∞—Ä–∏–∞–Ω—Ç—ã', '–ù–∞–ª–∏—á–∏–µ–≤ –Ω–∞–ª–∏—á–∏–∏']",–û–ø–∏—Å–∞–Ω–∏–µ –æ—Ç—Å—É—Ç—Å—Ç–≤—É–µ—Ç
Toyota Land Cruiser 200 Series 4.5 ,$ 23 999,2 035 115 —Å–æ–º,https://im.mashina.kg/tachka/images//4/d/4/4d44a5317b621942a8aba5e74b0ebd49_1200x900.jpg,"['–ì–æ–¥ –≤—ã–ø—É—Å–∫–∞2008', '–ü—Ä–æ–±–µ–≥148200 –∫–º', '–ö—É–∑–æ–≤–≤–Ω–µ–¥–æ—Ä–æ–∂–Ω–∏–∫ 5 –¥–≤.', '–¶–≤–µ—Ç —á–µ—Ä–Ω—ã–π', '–î–≤–∏–≥–∞—Ç–µ–ª—å4.5 –ª. /  –¥–∏–∑–µ–ª—å', '–ö–æ—Ä–æ–±–∫–∞–∞–≤—Ç–æ–º–∞—Ç', '–ü—Ä–∏–≤–æ–¥–ø–æ–ª–Ω—ã–π', '–†—É–ª—å—Å–ª–µ–≤–∞', '–°–æ—Å—Ç–æ—è–Ω–∏–µ–∏–¥–µ–∞–ª—å–Ω–æ–µ', '–¢–∞–º–æ–∂–Ω—è—Ä–∞—Å—Ç–∞–º–æ–∂–µ–Ω', '–û–±–º–µ–Ω—Ä–∞—Å—Å–º–æ—Ç—Ä—é –≤–∞—Ä–∏–∞–Ω—Ç—ã', '–ù–∞–ª–∏—á–∏–µ–≤ –Ω–∞–ª–∏—á–∏–∏', '–ü—Ä–æ—á–µ–µ–≤–ª–æ–∂–µ–Ω–∏–π –Ω–µ —Ç—Ä–µ–±—É–µ—Ç']","üî•üî•üî•–û—á–µ–Ω—å –°—Ä–æ—á–Ω–æ –ø—Ä–æ–¥–∞—é Toyota Land Cruiser 200 (–î–∏–∑–µ–ª—å) –ï–≤—Ä–æ–ø–∞-–†–æ—Å—Å–∏—è –Ω–µ –ê—Ä–∞–±! –ü–µ—Ä–µ–¥–µ–ª–∞–Ω –ø–æ–¥ —Ä–µ—Å—Ç–∞–π–ª–∏–Ω–≥ 2012. –ì–æ–¥ –≤—ã–ø—É—Å–∫–∞: 2008 –í–∏–¥ —Ç–æ–ø–ª–∏–≤–∞: –î–∏–∑–µ–ª—å –û–±–º–µ–Ω –¥–≤–∏–≥–∞—Ç–µ–ª—è: 4.5 –ü—Ä–æ–±–µ–≥:148200 –∫–º –ù–∞ –ü–ù–ï–í–ú–ï –Ω–µ –ê–º–æ—Ä—Ç–∏–∑–∞—Ç–æ—Ä—ã! –°—Ç—ë–∫–ª–∞ –≤—Å–µ —Ä–æ–¥–Ω—ã–µ , –≤ –î–¢–ü –Ω–µ –±—ã–ª–∞!  –°—Ç–∏–∫–µ—Ä–∞ –≤—Å–µ –Ω–∞ –º–µ—Å—Ç–µ! –°–∞–º–∞—è –ø–æ–ª–Ω–∞—è –∫–æ–º–ø–ª–µ–∫—Ç–∞—Ü–∏—è! 3 —Ä—è–¥ —Å–∏–¥–µ–Ω–∏–π! –ú–∞—à–∏–Ω–∞ –≤ —Ö–æ—Ä–æ—à–µ–º —Å–æ—Å—Ç–æ—è–Ω–∏–∏, –¥–ª—è —Å–≤–æ–∏—Ö –ª–µ—Ç! –ü–æ—Å–ª–µ –ö–∞–ø–∏—Ç–∞–ª—å–Ω–æ–≥–æ —Ä–µ–º–æ–Ω—Ç–∞, –≤—Å–µ –∑–∞–ø—á–∞—Å—Ç–∏ –æ—Ä–∏–≥–∏–Ω–∞–ª! –í–ª–æ–∂–µ–Ω–æ 3000$! –†–∞—Å—Å–º–æ—Ç—Ä—é –≤–∞—Ä–∏–∞–Ω—Ç—ã –æ–±–º–µ–Ω–∞ –Ω–∞ –∞–≤—Ç–æ! –ï—Å–ª–∏ –µ—Å—Ç—å –∫–æ–Ω–∫—Ä–µ—Ç–Ω–æ –∏–Ω—Ç–µ—Ä–µ—Å,–∑–≤–æ–Ω–∏—Ç–µ –¥–æ–≥–æ–≤–æ—Ä–∏–º—Å—è! –ü–†–û–°–¢–û –¢–ê–ö –ë–ï–°–°–ú–´–°–õ–ï–ù–ù–û –ù–ï –ù–ê–î–û –ü–†–ò–ï–ó–ñ–ê–¢–¨! –ü—Ä–æ—Å—å–±–∞ –Ω–µ—Å–µ—Ä—å—ë–∑–Ω—ã—Ö –∏ —É—à–ª—ã—Ö –Ω–µ –±–µ—Å–ø–æ–∫–æ–∏—Ç—å –¶–µ–Ω–∞ 23999$ –û–∫–æ–Ω—á–∞—Ç–µ–ª—å–Ω–æ! –ë–µ–∑ —Ç–æ—Ä–≥–∞! –ù–∞ –æ–±–º–µ–Ω —Ü–µ–Ω–∞ —Å—Ç—Ä–æ–≥–æ 25000$! –¢–µ–ª–µ—Ñ–æ–Ω:0500260490/0555552002 (WhatsApp)"
Honda Accord VI 2.0 ,$ 4 000,339 200 —Å–æ–º,https://im.mashina.kg/tachka/images//f/0/2/f02db3c38fccbdaa9955b7d506007d79_1200x900.jpg,"['–ì–æ–¥ –≤—ã–ø—É—Å–∫–∞2000', '–ü—Ä–æ–±–µ–≥234568 –∫–º', '–ö—É–∑–æ–≤—Å–µ–¥–∞–Ω', '–¶–≤–µ—Ç —Å–µ—Ä—ã–π', '–î–≤–∏–≥–∞—Ç–µ–ª—å2.0 –ª. /  –±–µ–Ω–∑–∏–Ω', '–ö–æ—Ä–æ–±–∫–∞–∞–≤—Ç–æ–º–∞—Ç', '–ü—Ä–∏–≤–æ–¥–ø–µ—Ä–µ–¥–Ω–∏–π', '–†—É–ª—å—Å–ø—Ä–∞–≤–∞', '–°–æ—Å—Ç–æ—è–Ω–∏–µ—Ö–æ—Ä–æ—à–µ–µ', '–¢–∞–º–æ–∂–Ω—è—Ä–∞—Å—Ç–∞–º–æ–∂–µ–Ω', '–û–±–º–µ–Ω–æ–±–º–µ–Ω –Ω–µ –ø—Ä–µ–¥–ª–∞–≥–∞—Ç—å', '–ù–∞–ª–∏—á–∏–µ–≤ –Ω–∞–ª–∏—á–∏–∏', '–ü—Ä–æ—á–µ–µ–≤–ª–æ–∂–µ–Ω–∏–π –Ω–µ —Ç—Ä–µ–±—É–µ—Ç']",–û–ø–∏—Å–∞–Ω–∏–µ –æ—Ç—Å—É—Ç—Å—Ç–≤—É–µ—Ç
Mercedes-Benz CLS-–∫–ª–∞—Å—Å AMG I (C219) 55 AMG 5.4 ,$ 17 500,1 484 000 —Å–æ–º,https://im.mashina.kg/tachka/images//8/d/f/8dfc493a50971925c9f77cece0aaf47b_1200x900.jpg,"['–ì–æ–¥ –≤—ã–ø—É—Å–∫–∞2005', '–ü—Ä–æ–±–µ–≥163000 –∫–º', '–ö—É–∑–æ–≤—Å–µ–¥–∞–Ω', '–¶–≤–µ—Ç –±–µ–ª—ã–π', '–î–≤–∏–≥–∞—Ç–µ–ª—å5.4 –ª. /  –±–µ–Ω–∑–∏–Ω', '–ö–æ—Ä–æ–±–∫–∞–∞–≤—Ç–æ–º–∞—Ç', '–ü—Ä–∏–≤–æ–¥–∑–∞–¥–Ω–∏–π', '–†—É–ª—å—Å–ª–µ–≤–∞', '–°–æ—Å—Ç–æ—è–Ω–∏–µ—Ö–æ—Ä–æ—à–µ–µ', '–¢–∞–º–æ–∂–Ω—è—Ä–∞—Å—Ç–∞–º–æ–∂–µ–Ω', '–û–±–º–µ–Ω—Ä–∞—Å—Å–º–æ—Ç—Ä—é –≤–∞—Ä–∏–∞–Ω—Ç—ã', '–ù–∞–ª–∏—á–∏–µ–≤ –Ω–∞–ª–∏—á–∏–∏']",–ú–µ—Ä—Å–µ–¥–µ—Å CLS 55 Kopmressor 2005 –≥.–≤. –ê–≤—Ç–æ–º–∞—Ç –Ø–ø–æ–Ω–µ—Ü ‚ùó‚ùó‚ùó –ß–µ—Ä–Ω.–∫–æ–∂.—Å–∞–ª–æ–Ω —Å –ø–æ–¥–æ–≥—Ä–µ–≤–æ–º –∏ –æ–±–¥—É–≤–æ–º –∏ —Ç.–¥. –ê–≤—Ç–æ –≤ –∏–¥–µ–∞–ª—å–Ω–æ–º —Å–æ—Å—Ç-–∏ !!! –¶–µ–Ω–∞: 17500$ –¢–µ–ª: 0707577557 –¢–æ–ª—å–∫–æ –∑–≤–æ–Ω–∏—Ç—å ‚ùó‚ùó‚ùó
BMW 5 –°–µ—Ä–∏—è III (E34) 520i 2.0 ,$ 4 600,390 080 —Å–æ–º,https://im.mashina.kg/tachka/images//2/1/b/21b23bbfcb56b7058c3a1c2538d27369_1200x900.jpg,"['–ì–æ–¥ –≤—ã–ø—É—Å–∫–∞1992', '–ü—Ä–æ–±–µ–≥219000 –∫–º', '–ö—É–∑–æ–≤—Å–µ–¥–∞–Ω', '–¶–≤–µ—Ç —á–µ—Ä–Ω—ã–π', '–î–≤–∏–≥–∞—Ç–µ–ª—å2.0 –ª. /  –±–µ–Ω–∑–∏–Ω', '–ö–æ—Ä–æ–±–∫–∞–º–µ—Ö–∞–Ω–∏–∫–∞', '–ü—Ä–∏–≤–æ–¥–∑–∞–¥–Ω–∏–π', '–†—É–ª—å—Å–ª–µ–≤–∞', '–°–æ—Å—Ç–æ—è–Ω–∏–µ—Ö–æ—Ä–æ—à–µ–µ', '–¢–∞–º–æ–∂–Ω—è—Ä–∞—Å—Ç–∞–º–æ–∂–µ–Ω', '–û–±–º–µ–Ω—Ä–∞—Å—Å–º–æ—Ç—Ä—é –≤–∞—Ä–∏–∞–Ω—Ç—ã', '–ù–∞–ª–∏—á–∏–µ–≤ –Ω–∞–ª–∏—á–∏–∏']",–º–∞—à–∏–Ω–∞ –≤ –æ—Ç–ª–∏—á–Ω–æ–º —Å–æ—Å—Ç–æ—è–Ω–∏–∏ –≤ —Ä–æ–¥–Ω–æ–π –∫—Ä–∞—Å–∫–µ –∏ –Ω–µ –≥–Ω–∏–ª–∞—è –º–æ—Ç–æ—Ä —Ä–∞–±–æ—Ç–∞–µ—Ç –æ—Ç–ª–∏—á–Ω–æ –Ω–µ –¥—ã–º–∏—Ç –±–µ–∑ –ø–æ—Ç—ë–∫–æ–≤ –∫–æ—Ä–æ–±–∫–∞ –æ—Ç–ª–∏—á–Ω–∞—è  —Ö–æ–¥–æ–≤–∫–∞ –æ—Ç–ª–∏—á–Ω–∞—è –≤—Å–µ –¥–µ—Ç–∞–ª–∏ —Ä–æ–¥–Ω—ã–µ  –≤–ª–æ–∂–µ–Ω–∏–π –Ω–µ –∫–∞–∫–∏—Ö –Ω–µ —Ç—Ä–µ–±—É–µ—Ç –ø—Ä–æ–±–µ–≥ —Ä–æ–¥–Ω–æ–π —Ä–∞—Å—Å–º–æ—Ç—Ä—é –≤–∞—Ä–∏–∞–Ω—Ç—ã –æ–±–º–µ–Ω–∞ —Ç–æ–ª—å–∫–æ –º—É—Å–æ—Ä –∏ —à—Ä–æ—Ç –Ω–µ –ø—Ä–µ–¥–ª–∞–≥–∞—Ç—å  –≤—Å–µ –≤–æ–ø—Ä–æ—Å—ã –ø–æ —Ç–µ–ª–µ—Ñ–æ–Ω—É  –º–∞—à–∏–Ω–∞ —Å–æ–æ—Ç–≤–µ—Ç—Å—Ç–≤—É–µ—Ç —Ü–µ–Ω–µ 0705010102
Volkswagen Golf III 1.8 ,$ 2 700,228 960 —Å–æ–º,https://im.mashina.kg/tachka/images//f/5/9/f59de78b6e45f74421b375771091336a_1200x900.jpg,"['–ì–æ–¥ –≤—ã–ø—É—Å–∫–∞1995', '–ü—Ä–æ–±–µ–≥269000 –∫–º', '–ö—É–∑–æ–≤—Ö—ç—Ç—á–±–µ–∫ 5 –¥–≤.', '–¶–≤–µ—Ç —Å–µ—Ä–µ–±—Ä–∏—Å—Ç—ã–π', '–î–≤–∏–≥–∞—Ç–µ–ª—å1.8 –ª. /  –±–µ–Ω–∑–∏–Ω', '–ö–æ—Ä–æ–±–∫–∞–º–µ—Ö–∞–Ω–∏–∫–∞', '–ü—Ä–∏–≤–æ–¥–ø–µ—Ä–µ–¥–Ω–∏–π', '–†—É–ª—å—Å–ª–µ–≤–∞', '–°–æ—Å—Ç–æ—è–Ω–∏–µ—Ö–æ—Ä–æ—à–µ–µ', '–¢–∞–º–æ–∂–Ω—è—Ä–∞—Å—Ç–∞–º–æ–∂–µ–Ω', '–û–±–º–µ–Ω—Ä–∞—Å—Å–º–æ—Ç—Ä—é –≤–∞—Ä–∏–∞–Ω—Ç—ã', '–ù–∞–ª–∏—á–∏–µ–≤ –Ω–∞–ª–∏—á–∏–∏']","–ü—Ä–æ–¥–∞–µ—Ç—Å—è –Ω–∞—Ä–æ–¥–Ω–∞—è –º–∞—à–∏–Ω–∞ Volkswagen Golf 3 1995 –≥.–≤. 1.8 –ú–û–ù–û ( —Å–∞–º—ã–π –Ω–µ –ø—Ä–∏—Ö–æ—Ç–ª–∏–≤—ã–π –¥–≤–∏–∂–æ–∫ ) –ú–µ—Ö–∞–Ω–∏–∫–∞ 5-—Å—Ç—É–ø–∫–∞ –û—Ç–ª–∏—á–Ω—ã–π –≤–µ—Ä–Ω—ã–π –∂–µ–ª–µ–∑–Ω—ã–π –∫–æ–Ω—å! –ü—Ä–æ—Å—Ç–æ–π,–Ω–µ –ø—Ä–∏—Ö–æ—Ç–ª–∏–≤—ã–π,–Ω–∞–¥–µ–∂–Ω—ã–π, –≠–∫–æ–Ω–æ–º–∏—á–Ω—ã–π,–®—É—Å—Ç—Ä—ã–π,–†–µ–∑–≤—ã–π –î–µ—à–µ–≤—ã–π –≤ –æ–±—Å–ª—É–∂–∏–≤–∞–Ω–∏–∏ (–∑–∞–ø—á–∞—Å—Ç–µ–π –≤–∞–ª–æ–º) –ê—Ä–∫–∏ –Ω–µ –≥–Ω–∏–ª—ã–µ –±–µ–∑ –∫–æ—Ä—Ä–æ–∑–∏–∏ –î–Ω–æ –±–µ–∑ —Ä–∂–∞–≤—á–∏–Ω—ã –ö—É–∑–æ–≤ –∫—Ä–∞—Å–∏–ª—Å—è –ø—Ä–µ–¥—ã–¥—É—â–∏–º —Ö–æ–∑—è–∏–Ω–æ–º –õ–æ–Ω–∂–µ—Ä–æ–Ω—ã,—Å—Ç–æ–π–∫–∏,—á–∞—à–∫–∏ –≤—Å–µ —Ü–µ–ª–æ–µ –î–≤–∏–≥–∞—Ç–µ–ª—å –Ω–µ –¥—ã–º–∏—Ç –º–∞—Å–ª–æ –Ω–µ –∂—Ä—ë—Ç. –°–∞–ª–æ–Ω —á–∏—Å—Ç—ã–π,—É—Ö–æ–∂–µ–Ω–Ω—ã–π –Ω–µ –ø—Ä–æ–∫—É—Ä–µ–Ω–Ω—ã–π –•–æ—Ä–æ—à–∞—è –∫–æ–º–ø–ª–µ–∫—Ç–∞—Ü–∏—è. –ü–æ–ª–Ω—ã–π —ç–ª–µ–∫—Ç—Ä–æ –ø–∞–∫–µ—Ç, –∫–æ–Ω–¥–∏—Ü–∏–æ–Ω–µ—Ä, ABS, –ì–£–†, –≠–ª–µ–∫—Ç—Ä–æ –∑–µ—Ä–∫–∞–ª–∞, 2 Airbag. –§–∞—Ä—ã –ö—Å–µ–Ω–æ–Ω (–¥–≤—É—Ö—Å–µ–∫—Ü–∏–æ–Ω–Ω—ã–µ) –†–µ–≥—É–ª–∏—Ä–æ–≤–∫–∞ —Ä—É–ª—è, –î–∏—Å–∫–∏ R 14 FM,USB,AUX,SD,MICRO –ó–∞–¥–Ω–∏–µ –ø–æ–¥–≥–æ–ª–æ–≤–Ω–∏–∫–∏ ( —É –Ω–µ–∫–æ—Ç–æ—Ä—ã—Ö –Ω–µ—Ç—É ) –í—Å–µ —Ä–∞—Å—Ö–æ–¥–Ω–∏–∫–∏ –∑–∞–º–µ–Ω–µ–Ω—ã –≤ –ø–ª–æ—Ç—å –¥–æ –ª–∞–º–ø–æ—á–µ–∫ : –ù–æ–≤–æ–µ –º–∞—Å–ª–æ –≤ –¥–≤–∏–≥–∞—Ç–µ–ª–µ ( –Ω–µ –¥–µ—à–µ–≤–æ–µ ) –í–æ–∑–¥—É—à–Ω—ã–π —Ñ–∏–ª—å—Ç—Ä –°–∞–ª–æ–Ω–Ω—ã–π —Ñ–∏–ª—å—Ç—Ä ( –≤—Å–µ –≤ –æ—Ä–∏–≥–∏–Ω–∞–ª–µ ) –†–æ–ª–∏–∫–∏,—Ä–µ–º–Ω–∏ –ì–†–ú,–ø–æ–¥—à–∏–ø–Ω–∏–∫–∏ –ù–æ–≤—ã–µ —Ç–æ—Ä–º–æ–∑–Ω—ã–µ –¥–∏—Å–∫–∏ ( –ø–µ—Ä–µ–¥–Ω–∏–µ ) –ù–æ–≤—ã–µ –∫–æ–ª–æ–¥–∫–∏ ( –ø–µ—Ä–µ–¥–Ω–∏–µ –∏ –∑–∞–¥–Ω–∏–µ ) –ù–æ–≤—ã–π —Ç—Ä–æ—Å –æ—Ç —Ä—É—á–Ω–∏–∫–∞ –í –æ–±—â–µ–º —Å–µ–ª –∏ –ø–æ–µ—Ö–∞–ª –Æ—Ä–∏–¥–∏—á–µ—Å–∫–∏ —á–∏—Å—Ç–∞—è. –û—Ñ–æ—Ä–º–ª–µ–Ω –Ω–∞ –º–µ–Ω—è –í –∞—Ä–µ—Å—Ç–µ ,–≤ –∑–∞–ª–æ–≥–µ –Ω–µ —Å—Ç–æ–∏—Ç! –ü—Ä–∏—á–∏–Ω–∞ –ø—Ä–æ–¥–∞–∂–∏: –Ω—É–∂–µ–Ω –∞–≤—Ç–æ–º–æ–±–∏–ª—å —Å –∫–æ—Ä–æ–±–∫–æ–π –ê–í–¢–û–ú–ê–¢ –í–æ–∑–º–æ–∂–Ω–æ –≤–∞—Ä–∏–∞–Ω—Ç—ã –æ–±–º–µ–Ω–∞ —Å –≤–∞—à–µ–π –∏–ª–∏ –º–æ–µ–π –¥–æ–ø–ª–∞—Ç–æ–π –≤ –ø—Ä–µ–¥–µ–ª–∞—Ö —Ä–∞–∑—É–º–Ω–æ–≥–æ –ù–∞ –æ–±–º–µ–Ω —Ü–µ–Ω–∞ –≤–∑–∞–∏–º–Ω–æ –∞–¥–µ–∫–≤–∞—Ç–Ω–æ! –¢–æ—Ä–≥ —Å —Ä–µ–∞–ª—å–Ω—ã–º –ø–æ–∫—É–ø–∞—Ç–µ–ª–µ–º –ø–æ—Å–ª–µ –æ—Å–º–æ—Ç—Ä–∞! –í—Å–µ –≤–æ–ø—Ä–æ—Å—ã –∏ –ø—Ä–µ–¥–ª–æ–∂–µ–Ω–∏—è –ø–æ —Ç–µ–ª–µ—Ñ–æ–Ω—É –∏–ª–∏ –Ω–∞ WhatsApp: 0555 15 34 32 –ü–æ–∂–∞–ª—É–π—Å—Ç–∞ –Ω–µ –∑–∞–¥–∞–≤–∞–π—Ç–µ  –≥–ª—É–ø—ã–µ –≤–æ–ø—Ä–æ—Å—ã —Ç–∞–∫–∏–µ –∫–∞–∫:  "" –ë–†–ê–¢ –ò–î–ï–ê–õ–ë–´ –≠? ""  , ""–®–ü–ê–¢–õ–Ø  –ë–ê–†–ë–´? "" –ù—É —Å–∞–º–∏ –ø–æ—Å—É–¥–∏—Ç–µ –ú–∞—à–∏–Ω–µ —É–∂–µ 26 –ª–µ—Ç,–∫–∞–∫ –º–æ–∂–µ—Ç –±—ã—Ç—å –∏–¥–µ–∞–ª—å–Ω—ã–º?! ""–ò–î–ï–ê–õ"" —Ç–æ–ª—å–∫–æ —Å —Å–∞–ª–æ–Ω–∞ (–∑–∞–≤–æ–¥–∞) –±—ã–≤–∞–µ—Ç –ò —Ç–æ –Ω–∞–¥–æ –ø–æ—Ç–æ–º –∫–∞–∫ –º–∏–Ω–∏–º—É–º –®–£–ú–ö–£ –¥–µ–ª–∞—Ç—å  –¥–ª—è —Å–µ–±—è ... –¢–∞–∫ —á—Ç–æ, –¥–µ–ª–∞–π—Ç–µ –≤—ã–≤–æ–¥—ã —Å–∞–º–∏. –ù–∏–∫—Ç–æ –Ω–∏–∫–æ–≥–æ –Ω–µ –∑–∞—Å—Ç–∞–≤–ª—è–µ—Ç! –ó–≤–æ–Ω–∏—Ç–µ,–ø—Ä–∏–µ–∑–∂–∞–π—Ç–µ,—Å–º–æ—Ç—Ä–∏—Ç–µ –Ω–µ —Å—Ç–µ—Å–Ω—è–π—Ç–µ—Å—å... –ï—Å–ª–∏ –ø–æ–Ω—Ä–∞–≤–∏—Ç—Å—è —Ç–æ –î–û–ì–û–í–û–†–ò–ú–°–Ø –ø–æ —Ñ–∞–∫—Ç—É!"
Toyota Camry V (XV30) 3.0 ,$ 7 500,636 000 —Å–æ–º,https://im.mashina.kg/tachka/images//1/6/5/1659d3335e86572f78dd3f21f386f41f_1200x900.jpg,"['–ì–æ–¥ –≤—ã–ø—É—Å–∫–∞2003', '–ü—Ä–æ–±–µ–≥180000 –∫–º', '–ö—É–∑–æ–≤—Å–µ–¥–∞–Ω', '–¶–≤–µ—Ç —Å–µ—Ä–µ–±—Ä–∏—Å—Ç—ã–π', '–î–≤–∏–≥–∞—Ç–µ–ª—å3.0 –ª. /  –±–µ–Ω–∑–∏–Ω', '–ö–æ—Ä–æ–±–∫–∞–∞–≤—Ç–æ–º–∞—Ç', '–ü—Ä–∏–≤–æ–¥–ø–µ—Ä–µ–¥–Ω–∏–π', '–†—É–ª—å—Å–ª–µ–≤–∞', '–°–æ—Å—Ç–æ—è–Ω–∏–µ—Ö–æ—Ä–æ—à–µ–µ', '–¢–∞–º–æ–∂–Ω—è—Ä–∞—Å—Ç–∞–º–æ–∂–µ–Ω', '–ù–∞–ª–∏—á–∏–µ–≤ –Ω–∞–ª–∏—á–∏–∏', '–ü—Ä–æ—á–µ–µ–Ω–∞–ª–æ–≥ —É–ø–ª–∞—á–µ–Ω, —Ç–µ—Ö–æ—Å–º–æ—Ç—Ä –ø—Ä–æ–π–¥–µ–Ω, –≤–ª–æ–∂–µ–Ω–∏–π –Ω–µ —Ç—Ä–µ–±—É–µ—Ç']","–ü—Ä–æ–¥–∞—é –õ–µ–≥–µ–Ω–¥–∞—Ä–Ω—É—é 30 –ö–∞–º—Ä–∏ üá±üá∑ –ö—Ç–æ –∏—â–µ—Ç –¥–ª—è —Å–µ–±—è.  üî∏–≥–æ–¥ 2003 üî∏–æ–±—ä—ë–º 3.0  XLE  üî∏–ø—Ä–æ–±–µ–≥ 180 —Ö—Ö—Ö  üî∏–ø–æ–ª–Ω–∞—è –∫–æ–º–ø–ª–µ–∫—Ç–∞—Ü–∏—è: –∫–æ–∂–∞–Ω—ã–π —Å–∞–ª–æ–Ω , –ø–æ–¥–æ–≥—Ä–µ–≤ —Å–∏–¥–µ–Ω–∏–π, –ª—é–∫ , –º–æ–Ω–∏—Ç–æ—Ä + –∑–∞–¥ –ö–∞–º–µ—Ä–∞,  üî∏–ø—Ä–æ—á–∏—Å—Ç–∏–ª–∏ —Ç–æ–ø–ª —Å–∏—Å—Ç–µ–º—É: –ø–æ–º–µ–Ω—è–ª–∏ —Å–≤–µ—á–∏ , –∫–∞—Ç—É—à–∫–∏ , –¥—Ä–æ—Å—Å–µ–ª—å , —Ç–æ–ø–ª —Ñ–∏–ª—å—Ç—Ä –∏ —Ç –¥.  üî∏—Ö–æ–¥–æ–≤–∞—è, –º–æ—Ç–æ—Ä, 5+ –ü—Ä–æ–π–¥—É –ª—é–±—É—é –¥–∏–∞–≥–Ω–æ—Å—Ç–∏–∫—É –∑–∞ –≤–∞—à —Å—á—ë—Ç.  –ü—Ä–æ—à—É: 7500 $ —Ç–æ—Ä–≥ —É–º–µ—Å—Ç–µ–Ω.  –¢–µ–ª : 507 99 000 9 "
Lexus GX I 470 4.7 ,$ 14 800,1 255 040 —Å–æ–º,https://im.mashina.kg/tachka/images//f/8/5/f85e5f3d709bfd71485e21fe3a3d9c10_1200x900.jpg,"['–ì–æ–¥ –≤—ã–ø—É—Å–∫–∞2003', '–ö—É–∑–æ–≤–≤–Ω–µ–¥–æ—Ä–æ–∂–Ω–∏–∫ 5 –¥–≤.', '–¶–≤–µ—Ç —Å–µ—Ä–µ–±—Ä–∏—Å—Ç—ã–π', '–î–≤–∏–≥–∞—Ç–µ–ª—å4.7 –ª. /  –±–µ–Ω–∑–∏–Ω', '–ö–æ—Ä–æ–±–∫–∞–∞–≤—Ç–æ–º–∞—Ç', '–ü—Ä–∏–≤–æ–¥–ø–æ–ª–Ω—ã–π', '–†—É–ª—å—Å–ª–µ–≤–∞', '–°–æ—Å—Ç–æ—è–Ω–∏–µ–∏–¥–µ–∞–ª—å–Ω–æ–µ', '–¢–∞–º–æ–∂–Ω—è—Ä–∞—Å—Ç–∞–º–æ–∂–µ–Ω', '–ù–∞–ª–∏—á–∏–µ–≤ –Ω–∞–ª–∏—á–∏–∏']",LEXUS GX470 2003 –≥ 4.7 –æ–±—ä–µ–º –ì–∞–∑ –±–µ–Ω–∑–∏–Ω! –°–æ—Å—Ç–æ—è–Ω–∏–µ –æ—Ç–ª–∏—á–Ω–æ–µ! –¶–µ–Ω–∞ 14.800$  0500 727478
Kia Carnival II Grand 2.2 ,$ 8 400,712 320 —Å–æ–º,https://im.mashina.kg/tachka/images//2/b/6/2b672b83f8433749ba0d899be3bc59c6_1200x900.jpg,"['–ì–æ–¥ –≤—ã–ø—É—Å–∫–∞2010', '–ü—Ä–æ–±–µ–≥76000 –∫–º', '–ö—É–∑–æ–≤–º–∏–Ω–∏–≤—ç–Ω', '–¶–≤–µ—Ç –±–æ—Ä–¥–æ–≤—ã–π', '–î–≤–∏–≥–∞—Ç–µ–ª—å2.2 –ª. /  –¥–∏–∑–µ–ª—å', '–ö–æ—Ä–æ–±–∫–∞–∞–≤—Ç–æ–º–∞—Ç', '–ü—Ä–∏–≤–æ–¥–ø–µ—Ä–µ–¥–Ω–∏–π', '–†—É–ª—å—Å–ª–µ–≤–∞', '–°–æ—Å—Ç–æ—è–Ω–∏–µ–∏–¥–µ–∞–ª—å–Ω–æ–µ', '–¢–∞–º–æ–∂–Ω—è—Ä–∞—Å—Ç–∞–º–æ–∂–µ–Ω', '–û–±–º–µ–Ω–æ–±–º–µ–Ω –Ω–µ –ø—Ä–µ–¥–ª–∞–≥–∞—Ç—å', '–ù–∞–ª–∏—á–∏–µ–≤ –Ω–∞–ª–∏—á–∏–∏', '–ü—Ä–æ—á–µ–µ–≤–ª–æ–∂–µ–Ω–∏–π –Ω–µ —Ç—Ä–µ–±—É–µ—Ç']","–ö–∏–∞ –ì—Ä–∞–Ω–¥ –ö–∞—Ä–Ω–∏–≤–∞–ª  –ì–æ–¥ –≤—ã–ø—É—Å–∫–∞: 2010 –û–±—ä–µ–º: 2.2 CRDI (200–ª—Å) –ö–æ—Ä–æ–±–∫–∞: –∞–≤—Ç–æ–º–∞—Ç-—Ç–∏–ø—Ç—Ä–æ–Ω–∏–∫ (6-—Å—Ç—É–ø) –¢–æ–ø–ª–∏–≤–æ: –¥–∏–∑–µ–ª—å –ü—Ä–∏–≤–æ–¥: –ø–µ—Ä–µ–¥–Ω–∏–π –†—É–ª—å: —Å–ª–µ–≤–∞ –†–∞—Å—Ö–æ–¥: 11-12–ª –ø–æ –≥–æ—Ä–æ–¥—É 7–ª –ø–æ —Ç—Ä–∞—Å—Å–µ –û—Ç–ª–∏—á–Ω—ã–π —Å–µ–º–µ–π–Ω—ã–π –º–∏–Ω–∏–≤—ç–Ω 7 –º–µ—Å—Ç  –ú–∞—à–∏–Ω–∞ –≤ –æ—Ç–ª–∏—á–Ω–æ–º —Å–æ—Å—Ç–æ—è–Ω–∏–∏ –Ω–µ –±–∏—Ç–∞—è –≤—Å–µ —Å—Ç–µ–∫–ª–∞ —Ä–æ–¥–Ω—ã–µ –∫–æ—Å—Ç–∏ —Ü–µ–ª—ã–µ  –ú–æ—Ç–æ—Ä –∏ –∫–æ—Ä–æ–±–∫–∞ –Ω–æ–≤–æ–≥–æ –æ–±—Ä–∞–∑—Ü–∞ –µ—Å—Ç—å —à—É–º–æ–∏–∑–æ–ª—è—Ü–∏—è  –Ω–µ —Ä–∞—Å—Ö–æ–¥—É–µ—Ç –º–∞—Å–ª–∞, –Ω–µ –¥—ã–º–∏—Ç –∏ —Ç—è–Ω–µ—Ç —Ö–æ—Ä–æ—à–æ –∫–æ—Ä–æ–±–∫–∞ –ø–µ—Ä–µ–∫–ª—é—á–∞–µ—Ç—Å—è –ø–ª–∞–≤–Ω–æ –∏ –Ω–µ –ø–∏–Ω–∞–µ—Ç  –° –∑–∞–ø—á–∞—Å—Ç—è–º–∏ –ø—Ä–æ–±–ª–µ–º –Ω–µ—Ç –ë–µ–∑ –≤–ª–æ–∂–µ–Ω–∏–π"
Toyota Camry IX (XV70) 2.5 ,$ 24 500,2 077 600 —Å–æ–º,https://im.mashina.kg/tachka/images//c/e/5/ce5d5d6488aaec88d435577c4cb7862a_1200x900.jpg,"['–ì–æ–¥ –≤—ã–ø—É—Å–∫–∞2018', '–ü—Ä–æ–±–µ–≥37000 –∫–º', '–ö—É–∑–æ–≤—Å–µ–¥–∞–Ω', '–¶–≤–µ—Ç –±–µ–ª—ã–π', '–î–≤–∏–≥–∞—Ç–µ–ª—å2.5 –ª. /  –±–µ–Ω–∑–∏–Ω', '–ö–æ—Ä–æ–±–∫–∞–∞–≤—Ç–æ–º–∞—Ç', '–ü—Ä–∏–≤–æ–¥–ø–µ—Ä–µ–¥–Ω–∏–π', '–†—É–ª—å—Å–ª–µ–≤–∞', '–°–æ—Å—Ç–æ—è–Ω–∏–µ–∏–¥–µ–∞–ª—å–Ω–æ–µ', '–¢–∞–º–æ–∂–Ω—è—Ä–∞—Å—Ç–∞–º–æ–∂–µ–Ω', '–ù–∞–ª–∏—á–∏–µ–≤ –Ω–∞–ª–∏—á–∏–∏', '–ü—Ä–æ—á–µ–µ–Ω–∞–ª–æ–≥ —É–ø–ª–∞—á–µ–Ω, —Ç–µ—Ö–æ—Å–º–æ—Ç—Ä –ø—Ä–æ–π–¥–µ–Ω, –≤–ª–æ–∂–µ–Ω–∏–π –Ω–µ —Ç—Ä–µ–±—É–µ—Ç']","–ü—Ä–æ–¥–∞—é Toyota Camry 70  2018–≥–æ–¥ –ü—Ä–æ–±–µ–≥ 37.000 –∫–º —Ä–æ–¥–Ω–æ–π  –ö—É–ø–ª–µ–Ω–∞ –≤ –¢–æ–π–æ—Ç–∞ —Ü–µ–Ω—Ç—Ä–µ –≤ –ë–∏—à–∫–µ–∫–µ –≤ –∫–æ–Ω—Ü–µ 2018 –≥–æ–¥—É –ú–∞—à–∏–Ω–∞ –Ω–∞ –≥–∞—Ä–∞–Ω—Ç–∏–∏, –≤—Å–µ –¢–û –±—ã–ª–∏ –ø—Ä–æ–π–¥–µ–Ω—ã –≤–æ–≤—Ä–µ–º—è –≤ –¢–æ–π–æ—Ç–∞ —Ü–µ–Ω—Ç—Ä–µ, –ë–µ–ª—ã–π –Ω–∞ —á–µ—Ä–Ω–æ–π –∫–æ–∂–µ –ü–æ–¥–æ–≥—Ä–µ–≤ –≤—Å–µ—Ö —Å–∏–¥–µ–Ω–∏–π, —Ä—É–ª—è, –ø–æ–¥–æ–≥—Ä–µ–≤ –ª–æ–±–æ–≤–æ–≥–æ —Å—Ç–µ–∫–ª–∞, –±–µ—Å–ø—Ä–æ–≤–æ–¥–Ω–∞—è –∑–∞—Ä—è–¥–∫–∞, –ª–µ–¥ –æ—Å–≤–µ—â–µ–Ω–∏–µ, –º–∞—à–∏–Ω–∞ –∫–∞–∫ –Ω–æ–≤–∞—è  –¶–µ–Ω–∞ 24500$ —Ç–æ—Ä–≥ –Ω–∞ –º–µ—Å—Ç–µ –∏–ª–∏ –æ–±–º–µ–Ω —Å –¥–æ–ø–ª–∞—Ç–æ–π  –¢–µ–ª 0550577775"
Land Rover Range Rover III –†–µ—Å—Ç–∞–π–ª–∏–Ω–≥ 4.2 ,$ 10 300,873 440 —Å–æ–º,https://im.mashina.kg/tachka/images//2/1/8/2188bfe63cb5975f9db753dd69032cb9_1200x900.jpg,"['–ì–æ–¥ –≤—ã–ø—É—Å–∫–∞2006', '–ö—É–∑–æ–≤–≤–Ω–µ–¥–æ—Ä–æ–∂–Ω–∏–∫ 5 –¥–≤.', '–¶–≤–µ—Ç —á–µ—Ä–Ω—ã–π', '–î–≤–∏–≥–∞—Ç–µ–ª—å4.2 –ª. /  –±–µ–Ω–∑–∏–Ω', '–ö–æ—Ä–æ–±–∫–∞–∞–≤—Ç–æ–º–∞—Ç', '–ü—Ä–∏–≤–æ–¥–ø–æ–ª–Ω—ã–π', '–†—É–ª—å—Å–ª–µ–≤–∞', '–°–æ—Å—Ç–æ—è–Ω–∏–µ–∏–¥–µ–∞–ª—å–Ω–æ–µ', '–¢–∞–º–æ–∂–Ω—è—Ä–∞—Å—Ç–∞–º–æ–∂–µ–Ω', '–û–±–º–µ–Ω—Ä–∞—Å—Å–º–æ—Ç—Ä—é –≤–∞—Ä–∏–∞–Ω—Ç—ã', '–ù–∞–ª–∏—á–∏–µ–≤ –Ω–∞–ª–∏—á–∏–∏']",RANGE ROVER SUPERCHARGED –†–µ—Å—Ç–∞–π–ª–∏–Ω–≥ 2006 –≥–æ–¥ 4.2 –æ–±—ä–µ–º –°–æ—Å—Ç–æ—è–Ω–∏–µ –æ—Ç–ª–∏—á–Ω–æ–µ! –†–æ–¥–Ω–∞—è –∫—Ä–∞—Å–∫–∞ !  –í—Å–µ —Å—Ç–µ–∫–ª–æ —Ä–æ–¥–Ω—ã–µ!! –ë–µ–∑ –≤–ª–æ–∂–µ–Ω–∏–π!! –¢—è–≥–∞ –ü—É—à–∫–∞!! –¶–µ–Ω–∞ 10.300$  0500 727478
"Mercedes-Benz E-–∫–ª–∞—Å—Å IV (W212, S212, C207) –†–µ—Å—Ç–∞–π–ª–∏–Ω–≥ 200 2.0 ",$ 14 900,1 263 520 —Å–æ–º,https://im.mashina.kg/tachka/images//7/0/c/70c5313d872fd154e5370dc5acaac2ab_1200x900.jpg,"['–ì–æ–¥ –≤—ã–ø—É—Å–∫–∞2015', '–ö—É–∑–æ–≤—Å–µ–¥–∞–Ω', '–¶–≤–µ—Ç —á–µ—Ä–Ω—ã–π', '–î–≤–∏–≥–∞—Ç–µ–ª—å2.0 –ª. /  –±–µ–Ω–∑–∏–Ω', '–ö–æ—Ä–æ–±–∫–∞–∞–≤—Ç–æ–º–∞—Ç', '–ü—Ä–∏–≤–æ–¥–∑–∞–¥–Ω–∏–π', '–†—É–ª—å—Å–ª–µ–≤–∞', '–°–æ—Å—Ç–æ—è–Ω–∏–µ–∏–¥–µ–∞–ª—å–Ω–æ–µ', '–¢–∞–º–æ–∂–Ω—è—Ä–∞—Å—Ç–∞–º–æ–∂–µ–Ω', '–û–±–º–µ–Ω–æ–±–º–µ–Ω –Ω–µ –ø—Ä–µ–¥–ª–∞–≥–∞—Ç—å', '–ù–∞–ª–∏—á–∏–µ–≤ –Ω–∞–ª–∏—á–∏–∏']",–°—Ä–æ—á–Ω–æ!!!!!  –ú–∞—à–∏–Ω–∞ –≤ –∏–¥–µ–∞–ª—å–Ω–æ–º —Å–æ—Å—Ç–æ—è–Ω–∏–µ  –í–ª–æ–∂–µ–Ω–∏–π –Ω–µ—Ç  –¢–æ—Ä–≥ –º–∏–Ω–∏–º–∞–ª—å–Ω—ã–π  –¢–æ–ª—å–∫–æ –∑–≤–æ–Ω–∏—Ç—å –ø–æ—Å–ª–µ 12:00 –¥–Ω—è  –®—Ç—Ä–∞—Ñ–æ–≤ –∞—Ä–µ—Å—Ç–æ–≤ –Ω–µ—Ç  
Mercedes-Benz S-–∫–ª–∞—Å—Å V (W221) –†–µ—Å—Ç–∞–π–ª–∏–Ω–≥ 500 Long 5.5 ,$ 13 900,1 178 720 —Å–æ–º,https://im.mashina.kg/tachka/images//8/7/2/872031371d8f3c7baa1c4849827343fa_1200x900.jpg,"['–ì–æ–¥ –≤—ã–ø—É—Å–∫–∞2009', '–ü—Ä–æ–±–µ–≥180 –∫–º', '–ö—É–∑–æ–≤—Å–µ–¥–∞–Ω', '–¶–≤–µ—Ç —á–µ—Ä–Ω—ã–π', '–î–≤–∏–≥–∞—Ç–µ–ª—å5.5 –ª. /  –±–µ–Ω–∑–∏–Ω', '–ö–æ—Ä–æ–±–∫–∞–∞–≤—Ç–æ–º–∞—Ç', '–ü—Ä–∏–≤–æ–¥–ø–æ–ª–Ω—ã–π', '–†—É–ª—å—Å–ª–µ–≤–∞', '–°–æ—Å—Ç–æ—è–Ω–∏–µ–∏–¥–µ–∞–ª—å–Ω–æ–µ', '–¢–∞–º–æ–∂–Ω—è—Ä–∞—Å—Ç–∞–º–æ–∂–µ–Ω', '–ù–∞–ª–∏—á–∏–µ–≤ –Ω–∞–ª–∏—á–∏–∏']","–°—Ä–æ—á–Ω–æ !!!!!  –ú–∞—à–∏–Ω–∞ –≤ –æ—Ç–ª–∏—á–Ω–æ–º —Å–æ—Å—Ç–æ—è–Ω–∏–µ  2009 –≥–æ–¥ —Ä–µ—Å—Ç–∞–π–ª–∏–Ω–≥  –û–±–º–µ–Ω–∞ –Ω–µ—Ç  –¢–æ–ª—å–∫–æ –∑–≤–æ–Ω–∏—Ç—å. –ü–æ—Å–ª–µ 12:00  –¢–æ—Ä–≥  –®—Ç—Ä–∞—Ñ–æ–≤ –Ω–µ—Ç –∞—Ä–µ—Å—Ç–æ–≤ –Ω–µ—Ç  –ù–µ –∞–≤—Ç–æ—Å–∞–ª–æ–Ω —è —Ö–æ–∑—è–∏–Ω "
"Mercedes-Benz E-–∫–ª–∞—Å—Å AMG IV (W212, S212) 63 AMG 6.2 ",$ 26 000,2 204 800 —Å–æ–º,https://im.mashina.kg/tachka/images//b/0/e/b0e6e4e704678c5472db4f76646ff9be_1200x900.jpg,"['–ì–æ–¥ –≤—ã–ø—É—Å–∫–∞2010', '–ü—Ä–æ–±–µ–≥170000 –∫–º', '–ö—É–∑–æ–≤—Å–µ–¥–∞–Ω', '–¶–≤–µ—Ç –±–µ–ª—ã–π', '–î–≤–∏–≥–∞—Ç–µ–ª—å6.2 –ª. /  –±–µ–Ω–∑–∏–Ω', '–ö–æ—Ä–æ–±–∫–∞–∞–≤—Ç–æ–º–∞—Ç', '–ü—Ä–∏–≤–æ–¥–∑–∞–¥–Ω–∏–π', '–†—É–ª—å—Å–ª–µ–≤–∞', '–°–æ—Å—Ç–æ—è–Ω–∏–µ—Ö–æ—Ä–æ—à–µ–µ', '–¢–∞–º–æ–∂–Ω—è—Ä–∞—Å—Ç–∞–º–æ–∂–µ–Ω', '–û–±–º–µ–Ω–æ–±–º–µ–Ω –Ω–µ –ø—Ä–µ–¥–ª–∞–≥–∞—Ç—å', '–ù–∞–ª–∏—á–∏–µ–≤ –Ω–∞–ª–∏—á–∏–∏']","–ü—Ä–æ–¥–∞—é Mercedes-Benz W212 E 6.3 AMG –≥–æ–¥¬†  2010.–ù–ï –ë–ò–¢–´–ô 100% –î–≤–∏–≥–∞—Ç–µ–ª—å: –±–µ–Ω–∑–∏–Ω 6.2 –ª  –ú–æ—â–Ω–æ—Å—Ç—å: 525 –ª.—Å 0.100 4.5 —Å–µ–∫ –¢—Ä–∞–Ω—Å–º–∏—Å—Å–∏—è: –∞–≤—Ç–æ–º–∞—Ç 7 G tronic  –ü—Ä–∏–≤–æ–¥: –∑–∞–¥–Ω–∏–π  –ü—Ä–æ–±–µ–≥ 160000 –∫–º  –ü–æ–ª–Ω—ã–π —Ä–µ—Å—Ç–∞–π–ª–∏–Ω–≥ –æ–±–≤–µ—Å—ã  6.3 AMG¬†¬† (–≤—Å–µ –æ—Ä–∏–≥–∏–Ω–∞–ª—å–Ω–æ–µ: —Ñ–∞—Ä—ã, –±–∞–º–ø–µ—Ä–∞ –ø–µ—Ä–µ–¥–Ω–∏–π –∏ –∑–∞–¥–Ω–∏–π, –≤—ã—Ö–ª–æ–ø AMG,¬†  –¥–∏—Å–∫–∏ R19 INFORGED –æ—Ä–≥–∏–Ω–∞–ª) –°–∞–ª–æ–Ω –≤–µ–Ω—Ç–∏–ª–∏—Ä—É–µ–º—ã–µ —Å–∏–¥–µ–Ω—å—è —Å –ø–æ–¥–æ–≥—Ä–µ–≤–æ–º,  –º–∞—Å—Å–∞–∂, –∞—É–¥–∏–æ—Å–∏—Å—Ç–µ–º–∞¬† Harman/kardon DVD —á–µ–Ω—å—á–∂–µ—Ä. –í—Å–µ –ø–∞–∫–µ—Ç—ã –∏ –æ–ø—Ü–∏–∏,  –±–µ—Å–∫–ª—é—á–µ–≤–æ–π –¥–æ—Å—Ç—É–ø push start stop.  –ö–∞—Ä–æ–±–∫–∞ –ø–µ—Ä–µ–∫–ª—é—á–∞–µ—Ç—Å—è –ø–ª–∞–≤–Ω–æ. –•–æ–¥–æ–≤–∞—è –≤ –Ω–æ—Ä–º–µ, –Ω–µ —à—É–º–∏—Ç. –¶–ï–ù–ê 26000$  WhatsApp 0554777743"
Mercedes-Benz S-–∫–ª–∞—Å—Å AMG I (W220) 55 AMG 5.4 ,$ 8 900,754 720 —Å–æ–º,https://im.mashina.kg/tachka/images//0/c/b/0cb4ec2327e4f5bdd5cd0a873fb94564_1200x900.jpg,"['–ì–æ–¥ –≤—ã–ø—É—Å–∫–∞2000', '–ü—Ä–æ–±–µ–≥250000 –∫–º', '–ö—É–∑–æ–≤—Å–µ–¥–∞–Ω', '–¶–≤–µ—Ç —Å–µ—Ä–µ–±—Ä–∏—Å—Ç—ã–π', '–î–≤–∏–≥–∞—Ç–µ–ª—å5.4 –ª. /  –±–µ–Ω–∑–∏–Ω', '–ö–æ—Ä–æ–±–∫–∞–∞–≤—Ç–æ–º–∞—Ç', '–ü—Ä–∏–≤–æ–¥–∑–∞–¥–Ω–∏–π', '–†—É–ª—å—Å–ª–µ–≤–∞', '–°–æ—Å—Ç–æ—è–Ω–∏–µ–∏–¥–µ–∞–ª—å–Ω–æ–µ', '–¢–∞–º–æ–∂–Ω—è—Ä–∞—Å—Ç–∞–º–æ–∂–µ–Ω', '–û–±–º–µ–Ω—Ä–∞—Å—Å–º–æ—Ç—Ä—é –≤–∞—Ä–∏–∞–Ω—Ç—ã', '–ù–∞–ª–∏—á–∏–µ–≤ –Ω–∞–ª–∏—á–∏–∏', '–ü—Ä–æ—á–µ–µ–Ω–∞–ª–æ–≥ —É–ø–ª–∞—á–µ–Ω, —Ç–µ—Ö–æ—Å–º–æ—Ç—Ä –ø—Ä–æ–π–¥–µ–Ω, –≤–ª–æ–∂–µ–Ω–∏–π –Ω–µ —Ç—Ä–µ–±—É–µ—Ç', '–ì–æ—Å –Ω–æ–º–µ—Ä01KG055OSS']","–ü—Ä–æ–¥–∞—é/–ú–µ–Ω—è—é MB S55 AMG 07.2000–≥ –Ø–ø–æ–Ω–µ—Ü YANASE. –î–≤–∏–≥–∞—Ç–µ–ª—å: 5.5–ª –ê—Ç–º–æ—Å—Ñ–µ—Ä–Ω–∏–∫ ECU STAGE 1 (~400 –ª.—Å.) TCU EGS 52 (Full Manual) –ú–∞—à–∏–Ω–∞ –≤ –∏–¥–µ–∞–ª–µ! –ù–µ –±–∏—Ç–∞—è, —Å—Ç–µ–∫–ª–∞ –≤—Å–µ —Ä–æ–¥–Ω—ã–µ (–ê–Ω—Ç–∏–±–ª–∏–∫) –ß–∏—Å—Ç–æ–∫—Ä–æ–≤–Ω—ã–π AMG. –í—Å–µ –≤ –æ—Ä–∏–≥–∏–Ω–∞–ª–µ. –¢—é–Ω–∏–Ω–≥ –≤—ã—Ö–ª–æ–ø–∞, –±–µ–∑–∫–∞—Ç, x-pipe, –ø—Ä–∏—è—Ç–Ω—ã–π –±–∞—Å, –ø–æ–ø–∫–æ—Ä–Ω, –≤—Å–µ –¥–µ–ª–∞. –†–∞—Å—Ö–æ–¥ –ø–æ —Ç—Ä–∞—Å—Å–µ 10–ª, –≤ –≥–æ—Ä–æ–¥–µ –æ—Ç 18–ª. –ó–∞–ª–∏–≤–∞–µ–º —Å—Ç—Ä–æ–≥–æ –ê–ò 98/100 –∏ –º–∞—Å–ª–æ 5W-40. –ú–∞—à–∏–Ω–∞ –ø–æ—Å–ª–µ –±–æ–ª—å—à–æ–≥–æ –¢–û! (–ó–∞–º–µ–Ω–∞ –≤—Å–µ—Ö –∂–∏–¥–∫–æ—Å—Ç–µ–π, —Ñ–∏–ª—å—Ç—Ä–æ–≤, –ª–∞–º–ø–æ—á–µ–∫, —Å–≤–µ—á–µ–π, –∫–∞—Ç—É—à–µ–∫,  –±–µ–Ω–∑–æ–Ω–∞—Å–æ—Å–∞,  –∞–∫–∫—É–º—É–ª—è—Ç–æ—Ä–∞) –ü–æ–ª–Ω–æ—Å—Ç—å—é –ø–µ—Ä–µ–±—Ä–∞–ª–∏ —Ö–æ–¥–æ–≤—É—é (–û–ï–ú) –°–¥–µ–ª–∞–Ω–∞ –ø–æ–ª–∏—Ä–æ–≤–∫–∞, —Ö–∏–º—á–∏—Å—Ç–∫–∞ –∏ —á–∏—Å—Ç–∫–∞ —Ñ–∞—Ä! –ß–µ—Ä–Ω–∞—è –∫–æ–∂–∞ –Ω–∞–ø–ø–∞ –∏ —Ä–∞—Å—à–∏—Ä–µ–Ω–Ω–∞—è –æ—Ç–¥–µ–ª–∫–∞ –¥–µ—Ä–µ–≤–æ–º. –ê—É–¥–∏–æ—Å–∏—Å—Ç–µ–º–∞ Bose, –†–æ–¥–Ω–æ–π Comand –°–∏–¥–µ–Ω—å—è –≤—Å–µ —ç–ª–µ–∫—Ç—Ä–æ —Å –ø–æ–¥–æ–≥—Ä–µ–≤–æ–º –∏ –≤–µ–Ω—Ç–∏–ª—è—Ü–∏–µ–π. –ü–∞–º—è—Ç—å —Å–∏–¥–µ–Ω–∏–π, –ø–∞–º—è—Ç—å —Ä—É–ª—è –∏ –∑–µ—Ä–∫–∞–ª. –ö—Ä—É–∏–∑, –ö–ª–∏–º–∞, –ü–∞—Ä–∫—Ç—Ä–æ–Ω–∏–∫ –õ—é–∫, –®—Ç–æ—Ä–∫–∞. –ü–æ–ª–Ω—ã–π –Ω–∞–±–æ—Ä –∑–∞–≤–æ–¥—Å–∫–∏—Ö –∏–Ω—Å—Ç—Ä—É–º–µ–Ω—Ç–æ–≤. –ú–∞—à–∏–Ω—É –¥–µ–ª–∞–ª–∏ –¥–ª—è —Å–µ–±—è, –Ω–µ –∂–∞–ª–µ–ª–∏, —Å—Ç–∞–≤–∏–ª–∏ –≤—Å–µ –ª—É—á—à–µ–µ! –¶–µ–Ω–∞ $8900, –ó–∞ –Ω–∞–ª –Ω–µ–º–Ω–æ–≥–æ —É—Å—Ç—É–ø–ª—é. –û–±–º–µ–Ω —Ä–∞—Å—Å–º–æ—Ç—Ä—é. –ó–≤–æ–Ω–∏—Ç—å 0554607080 –°–∞–ø–∞—Ä."
BMW X5 I (E53) –†–µ—Å—Ç–∞–π–ª–∏–Ω–≥ 4.4 ,$ 10 000,848 000 —Å–æ–º,https://im.mashina.kg/tachka/images//d/c/4/dc466256231e2c2af4e377d06204b1f6_1200x900.jpg,"['–ì–æ–¥ –≤—ã–ø—É—Å–∫–∞2004', '–ü—Ä–æ–±–µ–≥193000 –∫–º', '–ö—É–∑–æ–≤–≤–Ω–µ–¥–æ—Ä–æ–∂–Ω–∏–∫ 5 –¥–≤.', '–¶–≤–µ—Ç —á–µ—Ä–Ω—ã–π', '–î–≤–∏–≥–∞—Ç–µ–ª—å4.4 –ª. /  –±–µ–Ω–∑–∏–Ω', '–ö–æ—Ä–æ–±–∫–∞–∞–≤—Ç–æ–º–∞—Ç', '–ü—Ä–∏–≤–æ–¥–ø–æ–ª–Ω—ã–π', '–†—É–ª—å—Å–ª–µ–≤–∞', '–°–æ—Å—Ç–æ—è–Ω–∏–µ–∏–¥–µ–∞–ª—å–Ω–æ–µ', '–¢–∞–º–æ–∂–Ω—è—Ä–∞—Å—Ç–∞–º–æ–∂–µ–Ω', '–û–±–º–µ–Ω–æ–±–º–µ–Ω –Ω–µ –ø—Ä–µ–¥–ª–∞–≥–∞—Ç—å', '–ù–∞–ª–∏—á–∏–µ–≤ –Ω–∞–ª–∏—á–∏–∏', '–ü—Ä–æ—á–µ–µ–Ω–∞–ª–æ–≥ —É–ø–ª–∞—á–µ–Ω, —Ç–µ—Ö–æ—Å–º–æ—Ç—Ä –ø—Ä–æ–π–¥–µ–Ω, –≤–ª–æ–∂–µ–Ω–∏–π –Ω–µ —Ç—Ä–µ–±—É–µ—Ç']","–î–ª—è —Ç–µ—Ö –∫—Ç–æ –∏—â–µ—Ç –∏–¥–µ–∞–ª—å–Ω—ã–π –•5 BMW X5 E53 restyling  –û–±—ä—ë–º 4,4 –∞–≤—Ç–æ–º–∞—Ç  –ß–∏—Å—Ç—ã–π –ù–µ–º–µ—Ü üá©üá™  –í–ª–æ–∂–µ–Ω–∏–π –∞–±—Å–æ–ª—é—Ç–Ω–æ –Ω–µ—Ç  –û–±–≤–µ—Å 4,8 –æ—Ä–∏–≥–∏–Ω–∞–ª  –í—ã—Ö–ª–æ–ø –æ—Ä–∏–≥–∏–Ω–∞–ª  –î–∏—Å–∫–∏ —Å–ø–æ—Ä—Ç—Å–º–µ–Ω R20 —Ä–∞–∑–Ω–æ—à–∏—Ä–æ–∫–∏–µ , –Ω–æ–≤–∞—è —Ä–µ–∑–∏–Ω–∞ , –∫–æ–º–ø–ª–µ–∫—Ç –¥–∏—Å–∫–∏ R18 —Å –∑–∏–º–Ω–µ —Ä–µ–∑–∏–Ω–æ–π –≤ –ø–æ–¥–∞—Ä–æ–∫ üéÅ –ø–∞–Ω–æ—Ä–∞–º–Ω–∞—è –∫—Ä—ã—à–∞ , —Å–∏–¥–µ–Ω–∏—è –º, –º–æ–Ω–∏—Ç–æ—Ä Android , –∫–∞–º–µ—Ä–∞ –∑–∞–¥–Ω–µ–≥–æ –≤–∏–¥–∞ , —Å–∏–≥–Ω–∞–ª–∏–∑–∞—Ü–∏—è —Å –∞–≤—Ç–æ–∑–∞–ø—É—Å–∫–æ–º star-line , –±—É—Ñ–µ—Ä –Ω–∞ 1000w –æ—Ä–∏–≥–∏–Ω–∞–ª , –±–æ–∫–æ–≤—ã–µ —à—Ç–æ—Ä–∫–∏ , –≤ –æ–±—â–µ–º –∞–≤—Ç–æ –Ω–∞–¥–æ –≤–∏–¥–µ—Ç—å –≤ –∂–∏–≤—É—é !!!! –ü—Ä–æ—à—É 10000$  –û–±–º–µ–Ω —Å –¥–æ–ø–ª–∞—Ç–æ–π –º–Ω–µ –≤–æ–∑–º–æ–∂–µ–Ω !!! –¶–µ–Ω–∞ –Ω–∞ –æ–±–º–µ–Ω 12500 0550666620"
Toyota Sequoia II 5.7 ,$ 28 500,2 416 800 —Å–æ–º,https://im.mashina.kg/tachka/images//7/b/8/7b8b83d93346fb0a5f83504d2fcbc516_1200x900.jpg,"['–ì–æ–¥ –≤—ã–ø—É—Å–∫–∞2011', '–ü—Ä–æ–±–µ–≥321868 –∫–º', '–ö—É–∑–æ–≤–≤–Ω–µ–¥–æ—Ä–æ–∂–Ω–∏–∫ 5 –¥–≤.', '–¶–≤–µ—Ç –∫–æ—Ä–∏—á–Ω–µ–≤—ã–π', '–î–≤–∏–≥–∞—Ç–µ–ª—å5.7 –ª. /  –±–µ–Ω–∑–∏–Ω', '–ö–æ—Ä–æ–±–∫–∞–∞–≤—Ç–æ–º–∞—Ç', '–ü—Ä–∏–≤–æ–¥–ø–æ–ª–Ω—ã–π', '–†—É–ª—å—Å–ª–µ–≤–∞', '–°–æ—Å—Ç–æ—è–Ω–∏–µ–∏–¥–µ–∞–ª—å–Ω–æ–µ', '–¢–∞–º–æ–∂–Ω—è—Ä–∞—Å—Ç–∞–º–æ–∂–µ–Ω', '–û–±–º–µ–Ω–æ–±–º–µ–Ω –Ω–µ –ø—Ä–µ–¥–ª–∞–≥–∞—Ç—å', '–ù–∞–ª–∏—á–∏–µ–≤ –Ω–∞–ª–∏—á–∏–∏', '–ü—Ä–æ—á–µ–µ–Ω–∞–ª–æ–≥ —É–ø–ª–∞—á–µ–Ω, —Ç–µ—Ö–æ—Å–º–æ—Ç—Ä –ø—Ä–æ–π–¥–µ–Ω, –≤–ª–æ–∂–µ–Ω–∏–π –Ω–µ —Ç—Ä–µ–±—É–µ—Ç']","–ê–≤—Ç–æ –≤ –∏—Å–∫–ª—é—á–∏—Ç–µ–ª—å–Ω–æ–º —Å–æ—Å—Ç–æ—è–Ω–∏–∏ –∏ –∫–æ–º–ø–ª–µ–∫—Ç–∞—Ü–∏–∏, –ø—Ä–æ–¥–∞–∂–∞ –≤ —Å–≤—è–∑–∏ —Å —Ñ–∏–Ω–∞–Ω—Å–æ–≤–æ–π –Ω–∞–¥–æ–±–Ω–æ—Å—Ç—å—é !"
Mazda Tribute I 3.0 ,$ 6 000,508 800 —Å–æ–º,https://im.mashina.kg/tachka/images//b/5/4/b54042721ad5ba0551efc374caee8d89_1200x900.jpg,"['–ì–æ–¥ –≤—ã–ø—É—Å–∫–∞2003', '–ü—Ä–æ–±–µ–≥215000 –∫–º', '–ö—É–∑–æ–≤–≤–Ω–µ–¥–æ—Ä–æ–∂–Ω–∏–∫ 5 –¥–≤.', '–¶–≤–µ—Ç –∫—Ä–∞—Å–Ω—ã–π', '–î–≤–∏–≥–∞—Ç–µ–ª—å3.0 –ª. /  –±–µ–Ω–∑–∏–Ω', '–ö–æ—Ä–æ–±–∫–∞–∞–≤—Ç–æ–º–∞—Ç', '–ü—Ä–∏–≤–æ–¥–ø–æ–ª–Ω—ã–π', '–†—É–ª—å—Å–ª–µ–≤–∞', '–°–æ—Å—Ç–æ—è–Ω–∏–µ—Ö–æ—Ä–æ—à–µ–µ', '–¢–∞–º–æ–∂–Ω—è—Ä–∞—Å—Ç–∞–º–æ–∂–µ–Ω', '–û–±–º–µ–Ω—Å –¥–æ–ø–ª–∞—Ç–æ–π –ø—Ä–æ–¥–∞–≤—Ü–∞', '–ù–∞–ª–∏—á–∏–µ–≤ –Ω–∞–ª–∏—á–∏–∏', '–ü—Ä–æ—á–µ–µ–≤–ª–æ–∂–µ–Ω–∏–π –Ω–µ —Ç—Ä–µ–±—É–µ—Ç']",–û–ø–∏—Å–∞–Ω–∏–µ –æ—Ç—Å—É—Ç—Å—Ç–≤—É–µ—Ç
Toyota Camry V (XV30) 2.4 ,$ 7 500,636 000 —Å–æ–º,https://im.mashina.kg/tachka/images//5/e/5/5e5a05e9521ed3d215e3a4d5fc0b258b_1200x900.jpg,"['–ì–æ–¥ –≤—ã–ø—É—Å–∫–∞2005', '–ü—Ä–æ–±–µ–≥177500 –∫–º', '–ö—É–∑–æ–≤—Å–µ–¥–∞–Ω', '–¶–≤–µ—Ç —Å–∏–Ω–∏–π', '–î–≤–∏–≥–∞—Ç–µ–ª—å2.4 –ª. /  –±–µ–Ω–∑–∏–Ω', '–ö–æ—Ä–æ–±–∫–∞–∞–≤—Ç–æ–º–∞—Ç', '–ü—Ä–∏–≤–æ–¥–ø–µ—Ä–µ–¥–Ω–∏–π', '–†—É–ª—å—Å–ª–µ–≤–∞', '–°–æ—Å—Ç–æ—è–Ω–∏–µ—Ö–æ—Ä–æ—à–µ–µ', '–¢–∞–º–æ–∂–Ω—è—Ä–∞—Å—Ç–∞–º–æ–∂–µ–Ω', '–ù–∞–ª–∏—á–∏–µ–≤ –Ω–∞–ª–∏—á–∏–∏']",–û–ø–∏—Å–∞–Ω–∏–µ –æ—Ç—Å—É—Ç—Å—Ç–≤—É–µ—Ç
Toyota Camry IX (XV70) 2.5 ,$ 20 500,1 738 400 —Å–æ–º,https://im.mashina.kg/tachka/images//d/d/a/ddab93d75d97d50f79742375342d9c63_1200x900.jpg,"['–ì–æ–¥ –≤—ã–ø—É—Å–∫–∞2018', '–ü—Ä–æ–±–µ–≥40000 –∫–º', '–ö—É–∑–æ–≤—Å–µ–¥–∞–Ω', '–¶–≤–µ—Ç —Å–µ—Ä—ã–π', '–î–≤–∏–≥–∞—Ç–µ–ª—å2.5 –ª. /  –±–µ–Ω–∑–∏–Ω', '–ö–æ—Ä–æ–±–∫–∞–∞–≤—Ç–æ–º–∞—Ç', '–ü—Ä–∏–≤–æ–¥–ø–µ—Ä–µ–¥–Ω–∏–π', '–†—É–ª—å—Å–ª–µ–≤–∞', '–°–æ—Å—Ç–æ—è–Ω–∏–µ–∏–¥–µ–∞–ª—å–Ω–æ–µ', '–¢–∞–º–æ–∂–Ω—è—Ä–∞—Å—Ç–∞–º–æ–∂–µ–Ω', '–û–±–º–µ–Ω—Ä–∞—Å—Å–º–æ—Ç—Ä—é –≤–∞—Ä–∏–∞–Ω—Ç—ã', '–ù–∞–ª–∏—á–∏–µ–≤ –Ω–∞–ª–∏—á–∏–∏', '–ü—Ä–æ—á–µ–µ–≤–ª–æ–∂–µ–Ω–∏–π –Ω–µ —Ç—Ä–µ–±—É–µ—Ç', 'VIN                        4T1**************                    ']",–ü—Ä–æ–¥–∞–µ—Ç—Å—è: –¢–æ–π–æ—Ç–∞ –ö–∞–º—Ä–∏ –ì–æ–¥ –≤—ã–ø—É—Å–∫–∞: 2018 –ü—Ä–æ–±–µ–≥: 40 —Ç—ã—Å. –∫–º –æ—Ä–∏–≥–∏–Ω–∞–ª –°—Ç—Ä–∞–Ω–∞ –ø—Ä–æ–∏–∑–≤–æ–¥–∏—Ç–µ–ª—å: –°–®–ê –°–æ—Å—Ç–æ—è–Ω–∏–µ: –∏–¥–µ–∞–ª—å–Ω–æ–µ Vin: 4T1B11HK8JU095947 –¶–µ–Ω–∞: 20500$ (–æ–∫–æ–Ω—á–∞—Ç–µ–ª—å–Ω–æ) –ù–∞ –æ–±–º–µ–Ω 23000$ –†–∞—Å—Å–º–æ—Ç—Ä—é –æ–±–º–µ–Ω —Å—Ç—Ä–æ–≥–æ –ö–∞–º—Ä–∏ 50/55 (–ï–≤—Ä–æ–ø–∞) –∏–ª–∏ GX470 —Å –¥–æ–ø–ª–∞—Ç–æ–π –º–Ω–µ  –¢–µ–ª–µ—Ñ–æ–Ω: 0777094803
Toyota RAV 4 IV (CA40) –†–µ—Å—Ç–∞–π–ª–∏–Ω–≥ 2.5 ,$ 18 500,1 568 800 —Å–æ–º,https://im.mashina.kg/tachka/images//8/6/1/861fa67bc115d9097329b680aa876b49_1200x900.jpg,"['–ì–æ–¥ –≤—ã–ø—É—Å–∫–∞2017', '–ü—Ä–æ–±–µ–≥102000 –∫–º', '–ö—É–∑–æ–≤–≤–Ω–µ–¥–æ—Ä–æ–∂–Ω–∏–∫ 5 –¥–≤.', '–¶–≤–µ—Ç –±–µ–ª—ã–π', '–î–≤–∏–≥–∞—Ç–µ–ª—å2.5 –ª. /  –≥–∏–±—Ä–∏–¥', '–ö–æ—Ä–æ–±–∫–∞–≤–∞—Ä–∏–∞—Ç–æ—Ä', '–ü—Ä–∏–≤–æ–¥–ø–æ–ª–Ω—ã–π', '–†—É–ª—å—Å–ª–µ–≤–∞', '–°–æ—Å—Ç–æ—è–Ω–∏–µ–∏–¥–µ–∞–ª—å–Ω–æ–µ', '–¢–∞–º–æ–∂–Ω—è—Ä–∞—Å—Ç–∞–º–æ–∂–µ–Ω', '–û–±–º–µ–Ω—Ä–∞—Å—Å–º–æ—Ç—Ä—é –≤–∞—Ä–∏–∞–Ω—Ç—ã', '–ù–∞–ª–∏—á–∏–µ–Ω–∞ –∑–∞–∫–∞–∑']","–ù–ê –ó–ê–ö–ê–ó –° –ì–ê–†–ê–ù–¢–ò–ï–ô –ì–ê–†–ê–ù–¢–ò–Ø –ù–ê 2000–ö–ú –ù–ê –ö–û–†–û–ë–ö–£ –ò –î–í–ò–ì–ê–¢–ï–õ–¨ –¢–û–õ–¨–ö–û –£ –ù–ê–° –ü–û–ö–£–ü–ê–Ø, –í–´ –ü–û–õ–£–ß–ê–ï–¢–ï –ì–ê–†–ê–ù–¢–ò–Æ  TOYOTA RAV4 4WD 2017  –ì–ò–ë–†–ò–î (HYBRID) –û–§–ò–¶–ò–ê–õ–¨–ù–û TOYOTA –î–ê–ï–¢ –ù–ê –ì–ò–ë–†–ò–î–ù–´–ï –ë–ê–¢–ê–†–ï–ò 10 –õ–ï–¢ –ì–ê–†–ê–ù–¢–ò–ò –¶–ï–ù–ê –° –†–ê–°–¢–ê–ú–û–ñ–ö–û–ô –ò –î–û–°–¢–ê–í–ö–û–ô –î–û –ë–ò–®–ö–ï–ö–ê 24222$  –î–ê–ù–ù–ê–Ø –ú–ê–®–ò–ù–ê –° –ü–†–û–ë–ï–ì–û–ú 102 000 –ö–ú –ü–û–õ–ù–´–ô –ü–†–ò–í–û–î –ß–ò–°–¢–ê–Ø –ú–ê–®–ò–ù–ê! –ë–ï–ó –í–õ–û–ñ–ï–ù–ò–ô! –¶–ï–ù–ê –° –î–û–°–¢–ê–í–ö–û–ô –í –ë–ò–®–ö–ï–ö–ï 24222$  –í–ê–®–ï –î–û–í–ï–†–ò–ï –ù–ê–®–ê –ú–û–¢–ò–í–ê–¶–ò–Ø!"
BMW X5 II (E70) –†–µ—Å—Ç–∞–π–ª–∏–Ω–≥ 50i 4.4 ,$ 15 350,1 301 680 —Å–æ–º,https://im.mashina.kg/tachka/images//3/2/b/32b2b761c2a8f0b5448cf19b7a20cc3a_1200x900.jpg,"['–ì–æ–¥ –≤—ã–ø—É—Å–∫–∞2010', '–ü—Ä–æ–±–µ–≥155000 –∫–º', '–ö—É–∑–æ–≤–≤–Ω–µ–¥–æ—Ä–æ–∂–Ω–∏–∫ 5 –¥–≤.', '–¶–≤–µ—Ç —Å–µ—Ä—ã–π', '–î–≤–∏–≥–∞—Ç–µ–ª—å4.4 –ª. /  –±–µ–Ω–∑–∏–Ω', '–ö–æ—Ä–æ–±–∫–∞–∞–≤—Ç–æ–º–∞—Ç', '–ü—Ä–∏–≤–æ–¥–ø–æ–ª–Ω—ã–π', '–†—É–ª—å—Å–ª–µ–≤–∞', '–°–æ—Å—Ç–æ—è–Ω–∏–µ—Ö–æ—Ä–æ—à–µ–µ', '–¢–∞–º–æ–∂–Ω—è—Ä–∞—Å—Ç–∞–º–æ–∂–µ–Ω', '–ù–∞–ª–∏—á–∏–µ–≤ –Ω–∞–ª–∏—á–∏–∏', '–ü—Ä–æ—á–µ–µ—Å–≤–µ–∂–µ–ø—Ä–∏–≥–Ω–∞–Ω, –Ω–∞–ª–æ–≥ —É–ø–ª–∞—á–µ–Ω, —Ç–µ—Ö–æ—Å–º–æ—Ç—Ä –ø—Ä–æ–π–¥–µ–Ω']",–ú–∞—à–∏–Ω–∞ —Å–≤–µ–∂–æ –ø—Ä–∏–≥–Ω–∞–Ω —Ç–æ—Ä–≥ –ø–æ—Å–ª–µ –æ—Å–º–æ—Ç—Ä–∞  —Ç–æ–ª—å–∫–æ –∑–≤–æ–Ω–∏—Ç—å –æ–±–º–µ–Ω –¥–æ—Ä–æ–∂–µ 
Toyota RAV 4 II (XA20) –†–µ—Å—Ç–∞–π–ª–∏–Ω–≥ 2.0 ,$ 6 200,525 760 —Å–æ–º,https://im.mashina.kg/tachka/images//1/2/3/123b7e9b09a61e4a94545046d2e66065_1200x900.jpg,"['–ì–æ–¥ –≤—ã–ø—É—Å–∫–∞2003', '–ü—Ä–æ–±–µ–≥217064 –∫–º', '–ö—É–∑–æ–≤–≤–Ω–µ–¥–æ—Ä–æ–∂–Ω–∏–∫ 5 –¥–≤.', '–¶–≤–µ—Ç —Å–∏–Ω–∏–π', '–î–≤–∏–≥–∞—Ç–µ–ª—å2.0 –ª. /  –±–µ–Ω–∑–∏–Ω', '–ö–æ—Ä–æ–±–∫–∞–∞–≤—Ç–æ–º–∞—Ç', '–ü—Ä–∏–≤–æ–¥–ø–µ—Ä–µ–¥–Ω–∏–π', '–†—É–ª—å—Å–ª–µ–≤–∞', '–°–æ—Å—Ç–æ—è–Ω–∏–µ—Ö–æ—Ä–æ—à–µ–µ', '–¢–∞–º–æ–∂–Ω—è—Ä–∞—Å—Ç–∞–º–æ–∂–µ–Ω', '–ù–∞–ª–∏—á–∏–µ–≤ –Ω–∞–ª–∏—á–∏–∏']",2003 –≥–æ–¥–∞  2.0 –æ–±—ä—ë–º  –°–æ—Å—Ç–æ—è–Ω–∏–µ —Ö–æ—Ä–æ—à–µ–µ 
Suzuki Grand Vitara II 2.5 ,$ 5 000,424 000 —Å–æ–º,https://im.mashina.kg/tachka/images//e/7/1/e7138470a0d6911fdbb2079e2689b328_1200x900.jpg,"['–ì–æ–¥ –≤—ã–ø—É—Å–∫–∞2000', '–ü—Ä–æ–±–µ–≥180000 –∫–º', '–ö—É–∑–æ–≤–≤–Ω–µ–¥–æ—Ä–æ–∂–Ω–∏–∫ 5 –¥–≤.', '–¶–≤–µ—Ç —Å–∏–Ω–∏–π', '–î–≤–∏–≥–∞—Ç–µ–ª—å2.5 –ª. /  –±–µ–Ω–∑–∏–Ω', '–ö–æ—Ä–æ–±–∫–∞–∞–≤—Ç–æ–º–∞—Ç', '–ü—Ä–∏–≤–æ–¥–ø–æ–ª–Ω—ã–π', '–†—É–ª—å—Å–ª–µ–≤–∞', '–°–æ—Å—Ç–æ—è–Ω–∏–µ—Ö–æ—Ä–æ—à–µ–µ', '–¢–∞–º–æ–∂–Ω—è—Ä–∞—Å—Ç–∞–º–æ–∂–µ–Ω', '–û–±–º–µ–Ω—Ä–∞—Å—Å–º–æ—Ç—Ä—é –≤–∞—Ä–∏–∞–Ω—Ç—ã', '–ù–∞–ª–∏—á–∏–µ–≤ –Ω–∞–ª–∏—á–∏–∏']","–æ—Ç–ª–∏—á–Ω—ã–π –≤–Ω–µ–¥–æ—Ä–æ–∂–Ω–∏–∫ ,–¥–≤–∞ –∫–æ–º–ø–ª–µ–∫—Ç–∞ —Ä–µ–∑–∏–Ω—ã,–∞–≤—Ç–æ –≤ –æ—Ç–ª–∏—á–Ω–æ–º —Å–æ—Å—Ç–æ—è–Ω–∏–∏,–æ–±–º–µ–Ω –≤–æ–∑–º–æ–∂–µ–Ω"
Daewoo Matiz I –†–µ—Å—Ç–∞–π–ª–∏–Ω–≥ 0.8 ,$ 2 123,180 000 —Å–æ–º,https://im.mashina.kg/tachka/images//a/6/b/a6b21039760996d72b2eec581a703b15_1200x900.jpg,"['–ì–æ–¥ –≤—ã–ø—É—Å–∫–∞2003', '–ü—Ä–æ–±–µ–≥168000 –∫–º', '–ö—É–∑–æ–≤—Ö—ç—Ç—á–±–µ–∫ 5 –¥–≤.', '–¶–≤–µ—Ç –±–∏—Ä—é–∑–æ–≤—ã–π', '–î–≤–∏–≥–∞—Ç–µ–ª—å0.8 –ª. /  –±–µ–Ω–∑–∏–Ω', '–ö–æ—Ä–æ–±–∫–∞–º–µ—Ö–∞–Ω–∏–∫–∞', '–ü—Ä–∏–≤–æ–¥–ø–µ—Ä–µ–¥–Ω–∏–π', '–†—É–ª—å—Å–ª–µ–≤–∞', '–°–æ—Å—Ç–æ—è–Ω–∏–µ—Ö–æ—Ä–æ—à–µ–µ', '–¢–∞–º–æ–∂–Ω—è—Ä–∞—Å—Ç–∞–º–æ–∂–µ–Ω', '–û–±–º–µ–Ω—Ä–∞—Å—Å–º–æ—Ç—Ä—é –≤–∞—Ä–∏–∞–Ω—Ç—ã', '–ù–∞–ª–∏—á–∏–µ–≤ –Ω–∞–ª–∏—á–∏–∏']",–ø—Ä–æ–¥–∞—é –¥–µ–π–≤–æ–æ –ú–∞—Ç–∏–∑ –≤ —Ö–æ—Ä–æ—à–µ–º —Å–æ—Å—Ç–æ—è–Ω–∏–∏ —Ü–µ–Ω–∞ 180000 –≥–æ–¥ 2003 —Å–ø—Ä–∞–π—Ç —Ü–≤–µ—Ç –º–∞—à–∏–Ω–∞ –Ω–∞ —Ö–æ–¥—É –Ω–µ –≤–ª–æ–∂–µ–Ω–∏–π 0507019158 0552049697
Subaru Outback III 3.0 ,$ 6 500,551 200 —Å–æ–º,https://im.mashina.kg/tachka/images//b/d/9/bd9fbdc2990a5edc05c55dbc6d24e1f8_1200x900.jpg,"['–ì–æ–¥ –≤—ã–ø—É—Å–∫–∞2004', '–ü—Ä–æ–±–µ–≥270000 –∫–º', '–ö—É–∑–æ–≤—É–Ω–∏–≤–µ—Ä—Å–∞–ª', '–¶–≤–µ—Ç –±—Ä–æ–Ω–∑–∞', '–î–≤–∏–≥–∞—Ç–µ–ª—å3.0 –ª. /  –±–µ–Ω–∑–∏–Ω', '–ö–æ—Ä–æ–±–∫–∞–∞–≤—Ç–æ–º–∞—Ç', '–ü—Ä–∏–≤–æ–¥–ø–æ–ª–Ω—ã–π', '–†—É–ª—å—Å–ø—Ä–∞–≤–∞', '–°–æ—Å—Ç–æ—è–Ω–∏–µ—Ö–æ—Ä–æ—à–µ–µ', '–¢–∞–º–æ–∂–Ω—è—Ä–∞—Å—Ç–∞–º–æ–∂–µ–Ω', '–û–±–º–µ–Ω—Ä–∞—Å—Å–º–æ—Ç—Ä—é –≤–∞—Ä–∏–∞–Ω—Ç—ã', '–ù–∞–ª–∏—á–∏–µ–≤ –Ω–∞–ª–∏—á–∏–∏', '–ü—Ä–æ—á–µ–µ–Ω–∞–ª–æ–≥ —É–ø–ª–∞—á–µ–Ω, —Ç–µ—Ö–æ—Å–º–æ—Ç—Ä –ø—Ä–æ–π–¥–µ–Ω, –≤–ª–æ–∂–µ–Ω–∏–π –Ω–µ —Ç—Ä–µ–±—É–µ—Ç']",—Ö–æ—Ä–æ—à–µ–º —Å–æ—Å—Ç–æ—è–Ω–∏–∏   
Audi 200 II (C3) 2.2 ,$ 1 710,145 000 —Å–æ–º,https://im.mashina.kg/tachka/images//3/7/2/3722d0077dc4773f73f11ecbaf7bf890_1200x900.jpg,"['–ì–æ–¥ –≤—ã–ø—É—Å–∫–∞1991', '–ö—É–∑–æ–≤—É–Ω–∏–≤–µ—Ä—Å–∞–ª', '–¶–≤–µ—Ç –±–æ—Ä–¥–æ–≤—ã–π', '–î–≤–∏–≥–∞—Ç–µ–ª—å2.2 –ª. /  –±–µ–Ω–∑–∏–Ω', '–ö–æ—Ä–æ–±–∫–∞–º–µ—Ö–∞–Ω–∏–∫–∞', '–ü—Ä–∏–≤–æ–¥–ø–µ—Ä–µ–¥–Ω–∏–π', '–†—É–ª—å—Å–ª–µ–≤–∞', '–°–æ—Å—Ç–æ—è–Ω–∏–µ—Ö–æ—Ä–æ—à–µ–µ', '–¢–∞–º–æ–∂–Ω—è—Ä–∞—Å—Ç–∞–º–æ–∂–µ–Ω', '–û–±–º–µ–Ω—Ä–∞—Å—Å–º–æ—Ç—Ä—é –≤–∞—Ä–∏–∞–Ω—Ç—ã', '–ù–∞–ª–∏—á–∏–µ–≤ –Ω–∞–ª–∏—á–∏–∏']",1991 –≥–æ–¥.  –æ–±—ä–µ–º 2.3 –ü–æ–ª–Ω–∞—è –ø–∞–Ω–µ–ª—å 
Audi 80 IV (B3) 1.8 ,$ 1 533,130 000 —Å–æ–º,https://im.mashina.kg/tachka/images//8/7/e/87eb017be7692eddf49d7ed378fae66d_1200x900.jpg,"['–ì–æ–¥ –≤—ã–ø—É—Å–∫–∞1991', '–ö—É–∑–æ–≤—Å–µ–¥–∞–Ω', '–¶–≤–µ—Ç –∫—Ä–∞—Å–Ω—ã–π', '–î–≤–∏–≥–∞—Ç–µ–ª—å1.8 –ª. /  –±–µ–Ω–∑–∏–Ω', '–ö–æ—Ä–æ–±–∫–∞–º–µ—Ö–∞–Ω–∏–∫–∞', '–ü—Ä–∏–≤–æ–¥–ø–µ—Ä–µ–¥–Ω–∏–π', '–†—É–ª—å—Å–ª–µ–≤–∞', '–°–æ—Å—Ç–æ—è–Ω–∏–µ—Ö–æ—Ä–æ—à–µ–µ', '–¢–∞–º–æ–∂–Ω—è—Ä–∞—Å—Ç–∞–º–æ–∂–µ–Ω', '–û–±–º–µ–Ω—Ä–∞—Å—Å–º–æ—Ç—Ä—é –≤–∞—Ä–∏–∞–Ω—Ç—ã', '–ù–∞–ª–∏—á–∏–µ–≤ –Ω–∞–ª–∏—á–∏–∏']",–ú–û–ù–û
Mercedes-Benz C-–∫–ª–∞—Å—Å I (W202) 180 1.8 ,$ 2 594,220 000 —Å–æ–º,https://im.mashina.kg/tachka/images//2/8/8/288c8f7a4b3a5fc64cc7342ea3be0876_1200x900.jpg,"['–ì–æ–¥ –≤—ã–ø—É—Å–∫–∞1996', '–ü—Ä–æ–±–µ–≥213000 –∫–º', '–ö—É–∑–æ–≤—Å–µ–¥–∞–Ω', '–¶–≤–µ—Ç —Ö–∞–º–µ–ª–µ–æ–Ω', '–î–≤–∏–≥–∞—Ç–µ–ª—å1.8 –ª. /  –±–µ–Ω–∑–∏–Ω', '–ö–æ—Ä–æ–±–∫–∞–∞–≤—Ç–æ–º–∞—Ç', '–ü—Ä–∏–≤–æ–¥–∑–∞–¥–Ω–∏–π', '–†—É–ª—å—Å–ª–µ–≤–∞', '–°–æ—Å—Ç–æ—è–Ω–∏–µ—Ö–æ—Ä–æ—à–µ–µ', '–¢–∞–º–æ–∂–Ω—è—Ä–∞—Å—Ç–∞–º–æ–∂–µ–Ω', '–û–±–º–µ–Ω—Ä–∞—Å—Å–º–æ—Ç—Ä—é –≤–∞—Ä–∏–∞–Ω—Ç—ã', '–ù–∞–ª–∏—á–∏–µ–≤ –Ω–∞–ª–∏—á–∏–∏']",–ú–µ—Ä—Å–µ–¥–µ—Å –±–µ–Ω—Å —Å–µ—à–∫–∞ 1996–≥.1.8 –æ–±–µ–º –ª–µ–≤—ã–π —Ä—É–ª—å –ø—Ä–æ—Å—Ç–æ–π –º–∞—Ç–æ—Ä –∞–≤—Ç–æ–º–∞—Ç –∫–∞—Ä–æ–±–∫–∞ —Ö–æ–¥–æ–≤–æ–π –º–∞—Ç–æ—Ä –∫–∞—Ä–æ–±–∫–∞ –∂–∞–∫—à—ã —Ü–µ–Ω—Ç—Ä –∑–∞–º–æ–∫ –ø—É–ª—å—Ç. –ë–∞–ª–æ–Ω–¥–æ—Ä—É –¥–æ–∫—É–º–µ–Ω—Ç–µ—Ä–∏ –∂–∞–∫—à—ã –û—à —à–∞–∞—Ä—ã–Ω–¥–∞ 220 000—Å–æ–º.0507331010 –æ–±–º–µ–Ω –∂–æ–∫.–ø—Ä–æ–±–µ–≥ 213 000–∫–º
Volkswagen Bora 2.0 ,$ 3 900,330 720 —Å–æ–º,https://im.mashina.kg/tachka/images//c/2/9/c29edd40243ceff4538e79bdf842bc4e_1200x900.jpg,"['–ì–æ–¥ –≤—ã–ø—É—Å–∫–∞1999', '–ö—É–∑–æ–≤—Å–µ–¥–∞–Ω', '–¶–≤–µ—Ç –±—Ä–æ–Ω–∑–∞', '–î–≤–∏–≥–∞—Ç–µ–ª—å2.0 –ª. /  –±–µ–Ω–∑–∏–Ω', '–ö–æ—Ä–æ–±–∫–∞–∞–≤—Ç–æ–º–∞—Ç', '–ü—Ä–∏–≤–æ–¥–ø–µ—Ä–µ–¥–Ω–∏–π', '–†—É–ª—å—Å–ª–µ–≤–∞', '–°–æ—Å—Ç–æ—è–Ω–∏–µ—Ö–æ—Ä–æ—à–µ–µ', '–¢–∞–º–æ–∂–Ω—è—Ä–∞—Å—Ç–∞–º–æ–∂–µ–Ω', '–ù–∞–ª–∏—á–∏–µ–≤ –Ω–∞–ª–∏—á–∏–∏']",–û–ø–∏—Å–∞–Ω–∏–µ –æ—Ç—Å—É—Ç—Å—Ç–≤—É–µ—Ç
Audi A6 II (C5) 2.5 ,$ 2 600,220 480 —Å–æ–º,https://im.mashina.kg/tachka/images//2/6/f/26f6bad800de5534553bb8b8e286b15b_1200x900.jpg,"['–ì–æ–¥ –≤—ã–ø—É—Å–∫–∞2001', '–ö—É–∑–æ–≤—Å–µ–¥–∞–Ω', '–¶–≤–µ—Ç –∑–µ–ª–µ–Ω—ã–π', '–î–≤–∏–≥–∞—Ç–µ–ª—å2.5 –ª. /  –¥–∏–∑–µ–ª—å', '–ö–æ—Ä–æ–±–∫–∞–∞–≤—Ç–æ–º–∞—Ç', '–ü—Ä–∏–≤–æ–¥–ø–µ—Ä–µ–¥–Ω–∏–π', '–†—É–ª—å—Å–ª–µ–≤–∞', '–°–æ—Å—Ç–æ—è–Ω–∏–µ—Ö–æ—Ä–æ—à–µ–µ', '–¢–∞–º–æ–∂–Ω—è—Ä–∞—Å—Ç–∞–º–æ–∂–µ–Ω', '–ù–∞–ª–∏—á–∏–µ–≤ –Ω–∞–ª–∏—á–∏–∏']",–°—Ä–æ—á–Ω–æ —Å—Ä–æ—á–Ω–æ –ø—Ä–æ–¥–∞–º –≤—Å–µ –≤–æ–ø—Ä–æ—Å—ã –ø–æ —Ç–µ–ª–µ—Ñ–æ–Ω—É
Toyota Ipsum I (M10) 2.0 ,$ 4 700,398 560 —Å–æ–º,https://im.mashina.kg/tachka/images//c/9/e/c9e903c8955e07b0048d0ab5546d2f49_1200x900.jpg,"['–ì–æ–¥ –≤—ã–ø—É—Å–∫–∞2001', '–ö—É–∑–æ–≤–º–∏–Ω–∏–≤—ç–Ω', '–¶–≤–µ—Ç –±–µ–ª—ã–π', '–î–≤–∏–≥–∞—Ç–µ–ª—å2.0 –ª. /  –±–µ–Ω–∑–∏–Ω', '–ö–æ—Ä–æ–±–∫–∞–∞–≤—Ç–æ–º–∞—Ç', '–ü—Ä–∏–≤–æ–¥–ø–æ–ª–Ω—ã–π', '–†—É–ª—å—Å–ø—Ä–∞–≤–∞', '–°–æ—Å—Ç–æ—è–Ω–∏–µ—Ö–æ—Ä–æ—à–µ–µ', '–¢–∞–º–æ–∂–Ω—è—Ä–∞—Å—Ç–∞–º–æ–∂–µ–Ω', '–û–±–º–µ–Ω—Ä–∞—Å—Å–º–æ—Ç—Ä—é –≤–∞—Ä–∏–∞–Ω—Ç—ã', '–ù–∞–ª–∏—á–∏–µ–≤ –Ω–∞–ª–∏—á–∏–∏']",–ø—Ä–æ–¥–∞—é –º–∞—à–∏–Ω—É –≤ –æ—á–µ–Ω—å —Ö–æ—Ä–æ—à–µ–º —Å–æ—Å—Ç–æ—è–Ω–∏–∏ —Å 2012 –≥–æ–¥—É –æ–¥–∏–Ω —Ö–æ–∑—è–∏–Ω  –Ω–∞ –æ–±–º–µ–Ω  –∫–∞–∫ —É –≤—Å–µ—Ö –¥–æ—Ä–æ–∂–µ  5000$  —Å –º–∞–π –¥–æ–ø–ª–∞—Ç–∞ —Ö–æ–¥–æ–≤–æ–π —á–∞—Å—Ç—å  –≤—Å–µ —Å–¥–µ–ª–∞–Ω–æ  –º–æ—Ç–æ—Ä –∫–æ—Ä–æ–±–∫–∞ –≤ –∏–¥–µ–∞–ª—å–Ω–æ–º —Å–æ—Å—Ç–æ—è–Ω–∏–∏ –ø–æ–ª–Ω—ã–π  –ø—Ä–∏–≤–æ–¥  –Ω–∞ –Ω–æ–≤—ã–π  –ª–µ—Ç–Ω–∏–π —Ä–µ–∑–∏–Ω–∞  —Å–∏–≥–Ω–∞–ª–∏–∑–∞—Ü–∏–∏  –∞–≤—Ç–æ–∑–∞–≤–æ–¥ –¥–≤–∞ –∫–ª—é—á–∞  3 —Ä–µ—è–¥ —Å–∏–¥–µ–Ω–∏–π  –≤—Å–µ —Å—Ç–µ–∫–ª–æ  —Ä–æ–¥–Ω—ã–µ  
Toyota Sequoia I –†–µ—Å—Ç–∞–π–ª–∏–Ω–≥ 4.7 ,$ 14 500,1 229 600 —Å–æ–º,https://im.mashina.kg/tachka/images//a/7/b/a7bf7116a2f18f2c0091b8806aa048f2_1200x900.jpg,"['–ì–æ–¥ –≤—ã–ø—É—Å–∫–∞2007', '–ü—Ä–æ–±–µ–≥188000 –∫–º', '–ö—É–∑–æ–≤–≤–Ω–µ–¥–æ—Ä–æ–∂–Ω–∏–∫ 5 –¥–≤.', '–¶–≤–µ—Ç —á–µ—Ä–Ω—ã–π', '–î–≤–∏–≥–∞—Ç–µ–ª—å4.7 –ª. /  –±–µ–Ω–∑–∏–Ω', '–ö–æ—Ä–æ–±–∫–∞–∞–≤—Ç–æ–º–∞—Ç', '–ü—Ä–∏–≤–æ–¥–ø–æ–ª–Ω—ã–π', '–†—É–ª—å—Å–ª–µ–≤–∞', '–°–æ—Å—Ç–æ—è–Ω–∏–µ–∏–¥–µ–∞–ª—å–Ω–æ–µ', '–¢–∞–º–æ–∂–Ω—è—Ä–∞—Å—Ç–∞–º–æ–∂–µ–Ω', '–û–±–º–µ–Ω—Ä–∞—Å—Å–º–æ—Ç—Ä—é –≤–∞—Ä–∏–∞–Ω—Ç—ã', '–ù–∞–ª–∏—á–∏–µ–≤ –Ω–∞–ª–∏—á–∏–∏']","—Å—Ä–æ—á–Ω–æ —Å—Ä–æ—á–Ω–æ —Å–æ—Å—Ç–æ—è–Ω–∏–µ –∏–¥–µ–∞–ª—å–Ω–æ–µ ,–∞–º–µ—Ä–∏–∫–∞–Ω–µ—Ü —Ä–æ–¥–Ω–æ–π –ø—Ä–æ–±–µ–≥"
Toyota Camry V (XV30) 3.0 ,$ 8 100,686 880 —Å–æ–º,https://im.mashina.kg/tachka/images//a/5/c/a5c8c6a842897d0ee76565107e833933_1200x900.jpg,"['–ì–æ–¥ –≤—ã–ø—É—Å–∫–∞2004', '–ü—Ä–æ–±–µ–≥265000 –∫–º', '–ö—É–∑–æ–≤—Å–µ–¥–∞–Ω', '–¶–≤–µ—Ç –∑–æ–ª–æ—Ç–∏—Å—Ç—ã–π', '–î–≤–∏–≥–∞—Ç–µ–ª—å3.0 –ª. /  –±–µ–Ω–∑–∏–Ω', '–ö–æ—Ä–æ–±–∫–∞–∞–≤—Ç–æ–º–∞—Ç', '–ü—Ä–∏–≤–æ–¥–ø–µ—Ä–µ–¥–Ω–∏–π', '–†—É–ª—å—Å–ª–µ–≤–∞', '–°–æ—Å—Ç–æ—è–Ω–∏–µ–∏–¥–µ–∞–ª—å–Ω–æ–µ', '–¢–∞–º–æ–∂–Ω—è—Ä–∞—Å—Ç–∞–º–æ–∂–µ–Ω', '–û–±–º–µ–Ω–æ–±–º–µ–Ω –Ω–µ –ø—Ä–µ–¥–ª–∞–≥–∞—Ç—å', '–ù–∞–ª–∏—á–∏–µ–≤ –Ω–∞–ª–∏—á–∏–∏']",–û–ø–∏—Å–∞–Ω–∏–µ –æ—Ç—Å—É—Ç—Å—Ç–≤—É–µ—Ç
Mercedes-Benz CL-–∫–ª–∞—Å—Å III (C216) –†–µ—Å—Ç–∞–π–ª–∏–Ω–≥ 500 4.7 ,$ 32 000,2 713 600 —Å–æ–º,https://im.mashina.kg/tachka/images//8/4/4/8446d2d246edb758574871756b714e0c_1200x900.jpg,"['–ì–æ–¥ –≤—ã–ø—É—Å–∫–∞2011', '–ü—Ä–æ–±–µ–≥85000 –∫–º', '–ö—É–∑–æ–≤–∫—É–ø–µ', '–¶–≤–µ—Ç —á–µ—Ä–Ω—ã–π', '–î–≤–∏–≥–∞—Ç–µ–ª—å4.7 –ª. /  –±–µ–Ω–∑–∏–Ω', '–ö–æ—Ä–æ–±–∫–∞–∞–≤—Ç–æ–º–∞—Ç', '–ü—Ä–∏–≤–æ–¥–ø–æ–ª–Ω—ã–π', '–†—É–ª—å—Å–ª–µ–≤–∞', '–°–æ—Å—Ç–æ—è–Ω–∏–µ—Ö–æ—Ä–æ—à–µ–µ', '–¢–∞–º–æ–∂–Ω—è—Ä–∞—Å—Ç–∞–º–æ–∂–µ–Ω', '–ù–∞–ª–∏—á–∏–µ–≤ –Ω–∞–ª–∏—á–∏–∏']",–û–ø–∏—Å–∞–Ω–∏–µ –æ—Ç—Å—É—Ç—Å—Ç–≤—É–µ—Ç
Honda Fit I 1.3 ,$ 5 500,466 400 —Å–æ–º,https://im.mashina.kg/tachka/images//f/4/e/f4e0211faa9892bc244f2c99a69ea196_1200x900.jpg,"['–ì–æ–¥ –≤—ã–ø—É—Å–∫–∞2005', '–ü—Ä–æ–±–µ–≥197000 –∫–º', '–ö—É–∑–æ–≤—Ö—ç—Ç—á–±–µ–∫ 5 –¥–≤.', '–¶–≤–µ—Ç –±–µ–ª—ã–π', '–î–≤–∏–≥–∞—Ç–µ–ª—å1.3 –ª. /  –±–µ–Ω–∑–∏–Ω', '–ö–æ—Ä–æ–±–∫–∞–≤–∞—Ä–∏–∞—Ç–æ—Ä', '–ü—Ä–∏–≤–æ–¥–ø–µ—Ä–µ–¥–Ω–∏–π', '–†—É–ª—å—Å–ø—Ä–∞–≤–∞', '–°–æ—Å—Ç–æ—è–Ω–∏–µ—Ö–æ—Ä–æ—à–µ–µ', '–¢–∞–º–æ–∂–Ω—è—Ä–∞—Å—Ç–∞–º–æ–∂–µ–Ω', '–ù–∞–ª–∏—á–∏–µ–≤ –Ω–∞–ª–∏—á–∏–∏', '–ü—Ä–æ—á–µ–µ–≤–ª–æ–∂–µ–Ω–∏–π –Ω–µ —Ç—Ä–µ–±—É–µ—Ç']",–û–ø–∏—Å–∞–Ω–∏–µ –æ—Ç—Å—É—Ç—Å—Ç–≤—É–µ—Ç
Lexus LX II –†–µ—Å—Ç–∞–π–ª–∏–Ω–≥ 470 4.7 ,$ 16 800,1 424 640 —Å–æ–º,https://im.mashina.kg/tachka/images//2/1/4/21463eee38f8d7fc63fc27ccbcfed699_1200x900.jpg,"['–ì–æ–¥ –≤—ã–ø—É—Å–∫–∞2004', '–ü—Ä–æ–±–µ–≥159000 –∫–º', '–ö—É–∑–æ–≤–≤–Ω–µ–¥–æ—Ä–æ–∂–Ω–∏–∫ 5 –¥–≤.', '–¶–≤–µ—Ç –±–µ–ª—ã–π', '–î–≤–∏–≥–∞—Ç–µ–ª—å4.7 –ª. /  –±–µ–Ω–∑–∏–Ω', '–ö–æ—Ä–æ–±–∫–∞–∞–≤—Ç–æ–º–∞—Ç', '–ü—Ä–∏–≤–æ–¥–ø–æ–ª–Ω—ã–π', '–†—É–ª—å—Å–ª–µ–≤–∞', '–°–æ—Å—Ç–æ—è–Ω–∏–µ–∏–¥–µ–∞–ª—å–Ω–æ–µ', '–¢–∞–º–æ–∂–Ω—è—Ä–∞—Å—Ç–∞–º–æ–∂–µ–Ω', '–û–±–º–µ–Ω—Ä–∞—Å—Å–º–æ—Ç—Ä—é –≤–∞—Ä–∏–∞–Ω—Ç—ã', '–ù–∞–ª–∏—á–∏–µ–≤ –Ω–∞–ª–∏—á–∏–∏', '–ü—Ä–æ—á–µ–µ–≤–ª–æ–∂–µ–Ω–∏–π –Ω–µ —Ç—Ä–µ–±—É–µ—Ç', '–ì–æ—Å –Ω–æ–º–µ—Ä470']",–ü—Ä–æ–¥–∞–∂–∞ –æ—Ç —Å–æ–±—Å—Ç–≤–µ–Ω–Ω–∏–∫–∞. –í –æ—Ç–ª–∏—á–Ω–æ–º —Ç–µ—Ö–Ω–∏—á–µ—Å–∫–æ–º —Å–æ—Å—Ç–æ—è–Ω–∏–∏. –°–µ—Ä—Ç–∏—Ñ–∏–∫–∞—Ç –Ω–∞ –≥–æ—Å.–Ω–æ–º–µ—Ä –≤ –Ω–∞–ª–∏—á–∏–∏ 
BMW 3 –°–µ—Ä–∏—è V (E9x) 335i 3.0 ,$ 9 999,847 915 —Å–æ–º,https://im.mashina.kg/tachka/images//e/9/6/e966e0b50fb8986743f3d27b2367c03b_1200x900.jpg,"['–ì–æ–¥ –≤—ã–ø—É—Å–∫–∞2008', '–ü—Ä–æ–±–µ–≥173000 –∫–º', '–ö—É–∑–æ–≤–∫—É–ø–µ', '–¶–≤–µ—Ç –±–µ–ª—ã–π', '–î–≤–∏–≥–∞—Ç–µ–ª—å3.0 –ª. /  –±–µ–Ω–∑–∏–Ω', '–ö–æ—Ä–æ–±–∫–∞–∞–≤—Ç–æ–º–∞—Ç', '–ü—Ä–∏–≤–æ–¥–∑–∞–¥–Ω–∏–π', '–†—É–ª—å—Å–ª–µ–≤–∞', '–°–æ—Å—Ç–æ—è–Ω–∏–µ–∏–¥–µ–∞–ª—å–Ω–æ–µ', '–¢–∞–º–æ–∂–Ω—è—Ä–∞—Å—Ç–∞–º–æ–∂–µ–Ω', '–û–±–º–µ–Ω—Ä–∞—Å—Å–º–æ—Ç—Ä—é –≤–∞—Ä–∏–∞–Ω—Ç—ã', '–ù–∞–ª–∏—á–∏–µ–≤ –Ω–∞–ª–∏—á–∏–∏', '–ü—Ä–æ—á–µ–µ–Ω–∞–ª–æ–≥ —É–ø–ª–∞—á–µ–Ω, —Ç–µ—Ö–æ—Å–º–æ—Ç—Ä –ø—Ä–æ–π–¥–µ–Ω, –≤–ª–æ–∂–µ–Ω–∏–π –Ω–µ —Ç—Ä–µ–±—É–µ—Ç', '–ì–æ—Å –Ω–æ–º–µ—Ä08KG855AHV']",–°–†–û–ß–ù–û –ù–£–ñ–ï–ù –¢–û–õ–¨–ö–û –ù–ê–õ–ò–ß–ö–û–ô 10000$  BMW 335i –¢–≤–∏–Ω-–¢—É—Ä–±–æ –ú–∞–∫—Å–∏–º–∞–ª—å–Ω–∞—è –∫–æ–º–ø–ª–µ–∫—Ç–∞—Ü–∏—è –ß–∏–ø —Ç—é–Ω–∏–Ω–≥ –∫–æ—Ä–æ–±–∫–∏ –µ–¥–µ—Ç –±–æ–¥—Ä–æ –ù–µ–¥–∞–≤–Ω–æ —Å–¥–µ–ª–∞–ª –∑–∞–º–µ–Ω—É –º–∞—Å–ª–∞ –≤ –∫–æ—Ä–æ–±–∫–µ –ú–æ—Ç–æ—Ä N54 Blow off Tial M3 –æ–±–≤–µ—Å –≤ –∫—Ä—É–≥ –ú–∞—Å–ª–æ –¥–æ—Ä–æ–≥–æ–µ MOTUL 5w40 –ù–æ–≤—ã–µ –ö–∞—Ç—É—à–∫–∏ –°–≤–µ—á–∏ –æ—Ç NGK –í—ã—Ö–ª–æ–ø –ø—Ä—è–º–∞—è —Ç—Ä–∞—Å—Å–∞ –ê–∫—É—Å—Ç–∏–∫–∞ LOGIC 7 –ü–æ–ª–Ω–æ—Å—Ç—å—é M-–ø–∞–∫–µ—Ç –î–∏—Å–∫–∏ 19 –¥–∏–∞–º–µ—Ç—Ä–∞ —Å—Ç–æ—è—Ç –®–∏–Ω—ã –Ω–æ–≤—ã–µ —Ä–∞–∑–Ω–æ–π —à–∏—Ä–∏–Ω—ã –°–æ—Å—Ç–æ—è–Ω–∏–µ –∏–¥–µ–∞–ª—å–Ω–æ–µ –û–±—Å–ª—É–∂–∏–≤–∞–ª—Å—è –≤ BAVARIA –í—Å–µ –§–∏–ª—å—Ç—Ä–∞ –Ω–æ–≤—ã–µ
BMW 7 –°–µ—Ä–∏—è V (F01/F02/F04) 750Li xDrive 4.4 ,$ 12 500,1 060 000 —Å–æ–º,https://im.mashina.kg/tachka/images//8/d/e/8ded2e0424d425340b14720994cb5c03_1200x900.jpg,"['–ì–æ–¥ –≤—ã–ø—É—Å–∫–∞2010', '–ü—Ä–æ–±–µ–≥126000 –∫–º', '–ö—É–∑–æ–≤—Å–µ–¥–∞–Ω', '–¶–≤–µ—Ç —á–µ—Ä–Ω—ã–π', '–î–≤–∏–≥–∞—Ç–µ–ª—å4.4 –ª. /  –±–µ–Ω–∑–∏–Ω', '–ö–æ—Ä–æ–±–∫–∞–∞–≤—Ç–æ–º–∞—Ç', '–ü—Ä–∏–≤–æ–¥–ø–æ–ª–Ω—ã–π', '–†—É–ª—å—Å–ª–µ–≤–∞', '–°–æ—Å—Ç–æ—è–Ω–∏–µ–∏–¥–µ–∞–ª—å–Ω–æ–µ', '–¢–∞–º–æ–∂–Ω—è—Ä–∞—Å—Ç–∞–º–æ–∂–µ–Ω', '–û–±–º–µ–Ω—Ä–∞—Å—Å–º–æ—Ç—Ä—é –≤–∞—Ä–∏–∞–Ω—Ç—ã', '–ù–∞–ª–∏—á–∏–µ–≤ –Ω–∞–ª–∏—á–∏–∏']",–°—Ä–æ—á–Ω–æ! –°—Ä–æ—á–Ω–æ! –°–æ—Å—Ç–æ—è–Ω–∏–µ –∏–¥–µ–∞–ª—å–Ω–æ–µ!
Mercedes-Benz S-–∫–ª–∞—Å—Å IV (W220) –†–µ—Å—Ç–∞–π–ª–∏–Ω–≥ 350 3.7 ,$ 10 500,890 400 —Å–æ–º,https://im.mashina.kg/tachka/images//3/d/d/3dd0abcf8af92d8530a062a78af9e764_1200x900.jpg,"['–ì–æ–¥ –≤—ã–ø—É—Å–∫–∞2005', '–ü—Ä–æ–±–µ–≥175000 –∫–º', '–ö—É–∑–æ–≤—Å–µ–¥–∞–Ω', '–¶–≤–µ—Ç —Å–∏–Ω–∏–π', '–î–≤–∏–≥–∞—Ç–µ–ª—å3.7 –ª. /  –±–µ–Ω–∑–∏–Ω', '–ö–æ—Ä–æ–±–∫–∞–∞–≤—Ç–æ–º–∞—Ç', '–ü—Ä–∏–≤–æ–¥–∑–∞–¥–Ω–∏–π', '–†—É–ª—å—Å–ª–µ–≤–∞', '–°–æ—Å—Ç–æ—è–Ω–∏–µ—Ö–æ—Ä–æ—à–µ–µ', '–¢–∞–º–æ–∂–Ω—è—Ä–∞—Å—Ç–∞–º–æ–∂–µ–Ω', '–ù–∞–ª–∏—á–∏–µ–≤ –Ω–∞–ª–∏—á–∏–∏', '–ü—Ä–æ—á–µ–µ–≤–ª–æ–∂–µ–Ω–∏–π –Ω–µ —Ç—Ä–µ–±—É–µ—Ç']",–ü—Ä–æ–¥–∞—é Mercedes-Benz W220 S350 –ì–æ–¥ 2005 –†–µ—Å—Ç–∞–π–ª–∏–Ω–≥  –û–±—ä—ë–º 3.7  –°–æ—Å—Ç–æ—è–Ω–∏–µ –∏—Å–∫–ª—é—á–∏—Ç–µ–ª—å–Ω–æ–µ! –û–¥–∏–Ω —Ö–æ–∑—è–∏–Ω –≤ –ö–†  üá∞üá¨ –¶–µ–Ω–∞  10.500$   –¢–µ–ª 0558-74-44-45  –¢–æ—Ä–≥ —Ä–µ–∞–ª—å–Ω—ã–º –ø–æ–∫—É–ø–∞—Ç–µ–ª—è–º
Porsche Cayenne II –†–µ—Å—Ç–∞–π–ª–∏–Ω–≥ (958) Diesel 3.0 ,$ 30 000,2 544 000 —Å–æ–º,https://im.mashina.kg/tachka/images//4/a/7/4a7509e74c4eafc7fab5b73ee4f24bb3_1200x900.jpg,"['–ì–æ–¥ –≤—ã–ø—É—Å–∫–∞2014', '–ü—Ä–æ–±–µ–≥160000 –∫–º', '–ö—É–∑–æ–≤–≤–Ω–µ–¥–æ—Ä–æ–∂–Ω–∏–∫ 5 –¥–≤.', '–¶–≤–µ—Ç –∫–æ—Ä–∏—á–Ω–µ–≤—ã–π', '–î–≤–∏–≥–∞—Ç–µ–ª—å3.0 –ª. /  –¥–∏–∑–µ–ª—å', '–ö–æ—Ä–æ–±–∫–∞–∞–≤—Ç–æ–º–∞—Ç', '–ü—Ä–∏–≤–æ–¥–ø–æ–ª–Ω—ã–π', '–†—É–ª—å—Å–ª–µ–≤–∞', '–°–æ—Å—Ç–æ—è–Ω–∏–µ–∏–¥–µ–∞–ª—å–Ω–æ–µ', '–¢–∞–º–æ–∂–Ω—è—Ä–∞—Å—Ç–∞–º–æ–∂–µ–Ω', '–ù–∞–ª–∏—á–∏–µ–≤ –Ω–∞–ª–∏—á–∏–∏', '–ü—Ä–æ—á–µ–µ–≤–ª–æ–∂–µ–Ω–∏–π –Ω–µ —Ç—Ä–µ–±—É–µ—Ç']",–û–ø–∏—Å–∞–Ω–∏–µ –æ—Ç—Å—É—Ç—Å—Ç–≤—É–µ—Ç
Honda CR-V III 2.4 ,$ 10 500,890 400 —Å–æ–º,https://im.mashina.kg/tachka/images//6/2/3/6239393be9254c9eea2ee79ac5708d2e_1200x900.jpg,"['–ì–æ–¥ –≤—ã–ø—É—Å–∫–∞2008', '–ü—Ä–æ–±–µ–≥121000 –∫–º', '–ö—É–∑–æ–≤–≤–Ω–µ–¥–æ—Ä–æ–∂–Ω–∏–∫ 5 –¥–≤.', '–¶–≤–µ—Ç –≥–æ–ª—É–±–æ–π', '–î–≤–∏–≥–∞—Ç–µ–ª—å2.4 –ª. /  –±–µ–Ω–∑–∏–Ω', '–ö–æ—Ä–æ–±–∫–∞–∞–≤—Ç–æ–º–∞—Ç', '–ü—Ä–∏–≤–æ–¥–ø–æ–ª–Ω—ã–π', '–†—É–ª—å—Å–ª–µ–≤–∞', '–°–æ—Å—Ç–æ—è–Ω–∏–µ–∏–¥–µ–∞–ª—å–Ω–æ–µ', '–¢–∞–º–æ–∂–Ω—è—Ä–∞—Å—Ç–∞–º–æ–∂–µ–Ω', '–û–±–º–µ–Ω—Ä–∞—Å—Å–º–æ—Ç—Ä—é –≤–∞—Ä–∏–∞–Ω—Ç—ã', '–ù–∞–ª–∏—á–∏–µ–≤ –Ω–∞–ª–∏—á–∏–∏', '–ü—Ä–æ—á–µ–µ–Ω–∞–ª–æ–≥ —É–ø–ª–∞—á–µ–Ω, —Ç–µ—Ö–æ—Å–º–æ—Ç—Ä –ø—Ä–æ–π–¥–µ–Ω, –≤–ª–æ–∂–µ–Ω–∏–π –Ω–µ —Ç—Ä–µ–±—É–µ—Ç']","–ü—Ä–æ–¥–∞—é Honda CR-V 2008–≥ –ê–º–µ—Ä–∏–∫–∞–Ω–µ—Ü  AWD –ü—Ä–æ–±–µ–≥ —Ä–æ–¥–Ω–æ–π 121000 –º–∏–ª—å –†–æ–¥–Ω—ã–µ —Å—Ç—ë–∫–ª–∞ –≤ –∫—Ä—É–≥ –õ—é–∫, –∫–æ–∂–∞–Ω—ã–π —Å–∞–ª–æ–Ω —Å –ø–æ–¥–æ–≥—Ä–µ–≤–∞–º–∏ –õ–µ—Ç–Ω—è—è —Ä–µ–∑–∏–Ω–∞ –º–∞—Å–ª–æ –ú–∞—à–∏–Ω–∞ –≤ –∏–¥–µ–∞–ª—å–Ω–æ–º —Å–æ—Å—Ç–æ—è–Ω–∏–∏ –±–µ–∑ –≤–ª–æ–∂–µ–Ω–∏–π –ú–∏–Ω–∏ —Ç–æ—Ä–≥ —É –∫–∞–ø–æ—Ç–∞ "
Toyota Camry IX (XV70) 2.5 ,$ 24 000,2 035 200 —Å–æ–º,https://im.mashina.kg/tachka/images//c/8/a/c8a7d772f505018012a82b5924770ba9_1200x900.jpg,"['–ì–æ–¥ –≤—ã–ø—É—Å–∫–∞2018', '–ü—Ä–æ–±–µ–≥12500 –∫–º', '–ö—É–∑–æ–≤—Å–µ–¥–∞–Ω', '–¶–≤–µ—Ç –±–µ–ª—ã–π', '–î–≤–∏–≥–∞—Ç–µ–ª—å2.5 –ª. /  –±–µ–Ω–∑–∏–Ω', '–ö–æ—Ä–æ–±–∫–∞–∞–≤—Ç–æ–º–∞—Ç', '–ü—Ä–∏–≤–æ–¥–ø–µ—Ä–µ–¥–Ω–∏–π', '–†—É–ª—å—Å–ª–µ–≤–∞', '–°–æ—Å—Ç–æ—è–Ω–∏–µ–∏–¥–µ–∞–ª—å–Ω–æ–µ', '–¢–∞–º–æ–∂–Ω—è—Ä–∞—Å—Ç–∞–º–æ–∂–µ–Ω', '–û–±–º–µ–Ω—Ä–∞—Å—Å–º–æ—Ç—Ä—é –≤–∞—Ä–∏–∞–Ω—Ç—ã', '–ù–∞–ª–∏—á–∏–µ–≤ –Ω–∞–ª–∏—á–∏–∏', '–ü—Ä–æ—á–µ–µ–≤–ª–æ–∂–µ–Ω–∏–π –Ω–µ —Ç—Ä–µ–±—É–µ—Ç', '–ì–æ—Å –Ω–æ–º–µ—Ä01KG858ACZ']",–û–ø–∏—Å–∞–Ω–∏–µ –æ—Ç—Å—É—Ç—Å—Ç–≤—É–µ—Ç
Lexus LX III 570 5.7 ,$ 34 000,2 883 200 —Å–æ–º,https://im.mashina.kg/tachka/images//7/6/c/76c0d08e4dafe26a964ef3979f9d65cf_1200x900.jpg,"['–ì–æ–¥ –≤—ã–ø—É—Å–∫–∞2011', '–ü—Ä–æ–±–µ–≥123000 –∫–º', '–ö—É–∑–æ–≤–≤–Ω–µ–¥–æ—Ä–æ–∂–Ω–∏–∫ 5 –¥–≤.', '–¶–≤–µ—Ç —á–µ—Ä–Ω—ã–π', '–î–≤–∏–≥–∞—Ç–µ–ª—å5.7 –ª. /  –±–µ–Ω–∑–∏–Ω', '–ö–æ—Ä–æ–±–∫–∞–∞–≤—Ç–æ–º–∞—Ç', '–ü—Ä–∏–≤–æ–¥–ø–æ–ª–Ω—ã–π', '–†—É–ª—å—Å–ª–µ–≤–∞', '–°–æ—Å—Ç–æ—è–Ω–∏–µ—Ö–æ—Ä–æ—à–µ–µ', '–¢–∞–º–æ–∂–Ω—è—Ä–∞—Å—Ç–∞–º–æ–∂–µ–Ω', '–û–±–º–µ–Ω—Ä–∞—Å—Å–º–æ—Ç—Ä—é –≤–∞—Ä–∏–∞–Ω—Ç—ã', '–ù–∞–ª–∏—á–∏–µ–≤ –Ω–∞–ª–∏—á–∏–∏', '–ü—Ä–æ—á–µ–µ–Ω–∞–ª–æ–≥ —É–ø–ª–∞—á–µ–Ω, –≤–ª–æ–∂–µ–Ω–∏–π –Ω–µ —Ç—Ä–µ–±—É–µ—Ç', '–ì–æ—Å –Ω–æ–º–µ—Ä01KG885AAL']",–ò–º–µ–µ—Ç—Å—è 3 —Ä—è–¥ —Å–∏–¥–µ–Ω–∏–π
Lexus LX III –†–µ—Å—Ç–∞–π–ª–∏–Ω–≥ 570 5.7 ,$ 41 000,3 476 800 —Å–æ–º,https://im.mashina.kg/tachka/images//8/d/c/8dc01a17262f0ac15d31e71dfd296fd2_1200x900.jpg,"['–ì–æ–¥ –≤—ã–ø—É—Å–∫–∞2013', '–ü—Ä–æ–±–µ–≥91000 –∫–º', '–ö—É–∑–æ–≤–≤–Ω–µ–¥–æ—Ä–æ–∂–Ω–∏–∫ 5 –¥–≤.', '–¶–≤–µ—Ç —á–µ—Ä–Ω—ã–π', '–î–≤–∏–≥–∞—Ç–µ–ª—å5.7 –ª. /  –±–µ–Ω–∑–∏–Ω', '–ö–æ—Ä–æ–±–∫–∞–∞–≤—Ç–æ–º–∞—Ç', '–ü—Ä–∏–≤–æ–¥–ø–æ–ª–Ω—ã–π', '–†—É–ª—å—Å–ª–µ–≤–∞', '–°–æ—Å—Ç–æ—è–Ω–∏–µ–∏–¥–µ–∞–ª—å–Ω–æ–µ', '–¢–∞–º–æ–∂–Ω—è—Ä–∞—Å—Ç–∞–º–æ–∂–µ–Ω', '–ù–∞–ª–∏—á–∏–µ–≤ –Ω–∞–ª–∏—á–∏–∏', '–ü—Ä–æ—á–µ–µ–Ω–∞–ª–æ–≥ —É–ø–ª–∞—á–µ–Ω, –≤–ª–æ–∂–µ–Ω–∏–π –Ω–µ —Ç—Ä–µ–±—É–µ—Ç']","–ü—Ä–æ–¥–∞—é LEXUS LX 570 –†–µ—Å—Ç–∞–π–ª–∏–Ω–≥  –≥–æ–¥ –≤—ã–ø—É—Å–∫–∞ : 2013 –¶–≤–µ—Ç : —á—ë—Ä–Ω—ã–π –û–±—ä—ë–º : 5.7  –ü—Ä–æ–±–µ–≥ : 90.000 –∫–º –ö–æ–º–ø–ª–µ–∫—Ç–∞—Ü–∏—è : –µ–≤—Ä–æ–ø–µ–µ—Ü –Ω–∞ —á—ë—Ä–Ω–æ–º —Å–∞–ª–æ–Ω–µ,—Å–∞–º–∞—è –ø–æ–ª–Ω–∞—è –∫–æ–º–ø–ª–µ–∫—Ç–∞—Ü–∏—è, –ø–æ–ª–Ω—ã–π —ç–ª–µ–∫—Ç—Ä–æ–ø–∞–∫–µ—Ç, –ø–Ω–µ–≤–º–∞ –ø–æ–¥–≤–µ—Å–∫–∞,—É—Ä–æ–≤–µ–Ω—å –∂—ë—Å—Ç–∫–æ—Å—Ç–∏ –∞–º–æ—Ä—Ç–∏–∑–∞—Ç–æ—Ä–æ–≤, 3 –º–æ–Ω–∏—Ç–æ—Ä–∞,–ø–µ—Ä–µ–¥–Ω–∏–µ –ø–æ–¥–æ–≥—Ä–µ–≤—ã –∏ –æ–±–¥—É–≤—ã —Å–∏–¥–µ–Ω–∏–π,–ø–æ–¥–æ–≥—Ä–µ–≤—ã –∑–∞–¥–Ω–∏—Ö —Å–∏–¥–µ–Ω–∏–π,–ø–æ–¥–æ–≥—Ä–µ–≤ —Ä—É–ª—è,4-—Ö –∑–æ–Ω–Ω—ã–π –∫–ª–∏–º–∞—Ç –∫–æ–Ω—Ç—Ä–æ–ª—å,–º—É–∑—ã–∫–∞ MARK LEVINSON, –¥–µ—Ä–µ–≤–æ,–∫—Å–µ–Ω–æ–Ω,–ª—é–∫,—Ö–æ–ª–æ–¥–∏–ª—å–Ω–∏–∫, 4 –∫–∞–º–µ—Ä—ã 360¬∞,–≥–æ—Ä–Ω—ã–π —Ç–æ—Ä–º–æ–∑,—Ä—É—Å–∏—Ñ–∏—Ü–∏—Ä–æ–≤–∞–Ω,–∞–Ω—Ç–∏–±–ª–∏–∫–æ–≤—ã–µ –∑–µ—Ä–∫–∞–ª–∞,–≤—Å–µ —Å—Ç—ë–∫–ª–∞ —Ä–æ–¥–Ω—ã–µ. –ù–∞–∫–ª–∞–¥–∫–∏ F-Sport –ú–∞—à–∏–Ω–∞ –≤ –∏–¥–µ–∞–ª—å–Ω–æ–º —Å–æ—Å—Ç–æ—è–Ω–∏–∏. –ì–∞–∑–∞ –Ω–µ—Ç!!! –û—Ñ–æ—Ä–º–ª–µ–Ω–∞ –í–ª–æ–∂–µ–Ω–∏–π –Ω–µ —Ç—Ä–µ–±—É–µ—Ç. –Æ—Ä–∏–¥–∏—á–µ—Å–∫–∏ —á–∏—Å—Ç–∞—è. –¶–µ–Ω–∞: 41000$ . –¢–µ–ª. : 0700963963"
Hyundai Starex (H-1) II 2.5 ,$ 8 200,695 360 —Å–æ–º,https://im.mashina.kg/tachka/images//e/e/3/ee34860e530eb18eb478175277549583_1200x900.jpg,"['–ì–æ–¥ –≤—ã–ø—É—Å–∫–∞2010', '–ü—Ä–æ–±–µ–≥270000 –∫–º', '–ö—É–∑–æ–≤–º–∏–Ω–∏–≤—ç–Ω', '–¶–≤–µ—Ç —Å–µ—Ä–µ–±—Ä–∏—Å—Ç—ã–π', '–î–≤–∏–≥–∞—Ç–µ–ª—å2.5 –ª. /  –¥–∏–∑–µ–ª—å', '–ö–æ—Ä–æ–±–∫–∞–º–µ—Ö–∞–Ω–∏–∫–∞', '–ü—Ä–∏–≤–æ–¥–∑–∞–¥–Ω–∏–π', '–†—É–ª—å—Å–ª–µ–≤–∞', '–°–æ—Å—Ç–æ—è–Ω–∏–µ—Ö–æ—Ä–æ—à–µ–µ', '–¢–∞–º–æ–∂–Ω—è—Ä–∞—Å—Ç–∞–º–æ–∂–µ–Ω', '–û–±–º–µ–Ω—Ä–∞—Å—Å–º–æ—Ç—Ä—é –≤–∞—Ä–∏–∞–Ω—Ç—ã', '–†–∞—Å—Å—Ä–æ—á–∫–∞–µ—Å—Ç—å', '–ù–∞–ª–∏—á–∏–µ–≤ –Ω–∞–ª–∏—á–∏–∏', '–ü—Ä–æ—á–µ–µ–≤–ª–æ–∂–µ–Ω–∏–π –Ω–µ —Ç—Ä–µ–±—É–µ—Ç']",–ù–∞ –æ–±–º–µ–Ω 8200 –ù–∞–ª–∏—á–∫–∞ 7500 –±–µ–∑ –≤–ª–æ–∂–µ–Ω–∏–π.
Lexus LX III 570 5.7 ,$ 24 500,2 077 600 —Å–æ–º,https://im.mashina.kg/tachka/images//a/c/7/ac72ab5b70b5d4c3354cd176d7a52403_1200x900.jpg,"['–ì–æ–¥ –≤—ã–ø—É—Å–∫–∞2008', '–ü—Ä–æ–±–µ–≥193000 –∫–º', '–ö—É–∑–æ–≤–≤–Ω–µ–¥–æ—Ä–æ–∂–Ω–∏–∫ 5 –¥–≤.', '–¶–≤–µ—Ç —Å–µ—Ä–µ–±—Ä–∏—Å—Ç—ã–π', '–î–≤–∏–≥–∞—Ç–µ–ª—å5.7 –ª. /  –±–µ–Ω–∑–∏–Ω', '–ö–æ—Ä–æ–±–∫–∞–∞–≤—Ç–æ–º–∞—Ç', '–ü—Ä–∏–≤–æ–¥–ø–æ–ª–Ω—ã–π', '–†—É–ª—å—Å–ª–µ–≤–∞', '–°–æ—Å—Ç–æ—è–Ω–∏–µ—Ö–æ—Ä–æ—à–µ–µ', '–¢–∞–º–æ–∂–Ω—è—Ä–∞—Å—Ç–∞–º–æ–∂–µ–Ω', '–û–±–º–µ–Ω—Ä–∞—Å—Å–º–æ—Ç—Ä—é –≤–∞—Ä–∏–∞–Ω—Ç—ã', '–ù–∞–ª–∏—á–∏–µ–≤ –Ω–∞–ª–∏—á–∏–∏', '–ü—Ä–æ—á–µ–µ–Ω–∞–ª–æ–≥ —É–ø–ª–∞—á–µ–Ω, —Ç–µ—Ö–æ—Å–º–æ—Ç—Ä –ø—Ä–æ–π–¥–µ–Ω, –≤–ª–æ–∂–µ–Ω–∏–π –Ω–µ —Ç—Ä–µ–±—É–µ—Ç']","–ü—Ä–æ–¥–∞—é  Lexus LX 570 –ï–≤—Ä–æ–ø–µ–µ—Ü  –ì–æ–¥ 2008 –¶–≤–µ—Ç –°–µ—Ä–µ–±—Ä–∏—Å—Ç—ã–π  –û–±—ä—ë–º 5.7 –ë–µ–Ω–∑–∏–Ω ‚õΩÔ∏è  –ì–∞–∑–æ–º –Ω–µ —Ç—Ä–∞–≤–∏–ª–∏  –°–µ—Ä—ã–π –∫–æ–∂–∞–Ω—ã–π —Å–∞–ª–æ–Ω —Å –ø–æ–¥–æ–≥—Ä–µ–≤–∞–º–∏ –ø–∞–º—è—Ç—å—é —Å–∏–¥–µ–Ω–∏–π  –ê–ö–ü–ü –∑–º–µ–π–∫–∞ 6-—Å—Ç—É–ø–∫–∞  –ú—É–ª—å—Ç–∏ —Ä—É–ª—å,–¥–µ—Ä–µ–≤–æ —Ä—É–ª—å,–õ—é–∫  –ú–æ–Ω–∏—Ç–æ—Ä –ö–∞–º–µ—Ä–∞ –∑–∞–¥–Ω–µ–≥–æ –≤–∏–¥–∞  –†–∞–±–æ—Ç–∞–µ—Ç –±–µ–∑ –Ω–∞—Ä–µ–∫–∞–Ω–∏–π,–±–µ–∑ –æ—à–∏–±–æ–∫ –Ω–∞ –ø–∞–Ω–µ–ª–∏  –ú–∞—à–∏–Ω–∞ –≤ —Ö–æ—Ä–æ—à–µ–º –°–æ—Å—Ç–æ—è–Ω–∏–µ  –í—Å–µ —Å—Ç–∏–∫–µ—Ä–∞ –Ω–∞ –º–µ—Å—Ç–µ  –ü—Ä–æ–¥–∞–∂–∞ –æ—Ç –°–æ–±—Å—Ç–≤–µ–Ω–Ω–∏–∫–∞  –ì–æ—Ç–æ–≤ –Ω–∞ –ª—é–±—ã–µ –ø—Ä–æ–≤–µ—Ä–∫–∏  –¶–µ–Ω–∞ 24500$ —Ç–æ—Ä–≥ –ø–æ —Ñ–∞–∫—Ç—É —É –∫–∞–ø–æ—Ç–∞  –í—Å–µ –≤–æ–ø—Ä–æ—Å—ã –ø–æ —Ç–µ–ª:0704 110 110 "
Mercedes-Benz GL-–∫–ª–∞—Å—Å II (X166) 500 4.7 ,$ 34 500,2 925 600 —Å–æ–º,https://im.mashina.kg/tachka/images//3/0/6/30605081be07626115b3044d92d99857_1200x900.jpg,"['–ì–æ–¥ –≤—ã–ø—É—Å–∫–∞2012', '–ü—Ä–æ–±–µ–≥152000 –∫–º', '–ö—É–∑–æ–≤–≤–Ω–µ–¥–æ—Ä–æ–∂–Ω–∏–∫ 5 –¥–≤.', '–¶–≤–µ—Ç –±–µ–ª—ã–π', '–î–≤–∏–≥–∞—Ç–µ–ª—å4.7 –ª. /  –±–µ–Ω–∑–∏–Ω', '–ö–æ—Ä–æ–±–∫–∞–∞–≤—Ç–æ–º–∞—Ç', '–ü—Ä–∏–≤–æ–¥–ø–æ–ª–Ω—ã–π', '–†—É–ª—å—Å–ª–µ–≤–∞', '–°–æ—Å—Ç–æ—è–Ω–∏–µ—Ö–æ—Ä–æ—à–µ–µ', '–¢–∞–º–æ–∂–Ω—è—Ä–∞—Å—Ç–∞–º–æ–∂–µ–Ω', '–ù–∞–ª–∏—á–∏–µ–≤ –Ω–∞–ª–∏—á–∏–∏']",–û–ø–∏—Å–∞–Ω–∏–µ –æ—Ç—Å—É—Ç—Å—Ç–≤—É–µ—Ç
BMW X5 III (F15) 35i 3.0 ,$ 31 000,2 628 800 —Å–æ–º,https://im.mashina.kg/tachka/images//2/2/c/22c3ecabea2b8c5670b9703b3230143a_1200x900.jpg,"['–ì–æ–¥ –≤—ã–ø—É—Å–∫–∞2014', '–ü—Ä–æ–±–µ–≥1 –∫–º', '–ö—É–∑–æ–≤–≤–Ω–µ–¥–æ—Ä–æ–∂–Ω–∏–∫ 5 –¥–≤.', '–¶–≤–µ—Ç –±–µ–ª—ã–π', '–î–≤–∏–≥–∞—Ç–µ–ª—å3.0 –ª. /  –±–µ–Ω–∑–∏–Ω', '–ö–æ—Ä–æ–±–∫–∞–∞–≤—Ç–æ–º–∞—Ç', '–ü—Ä–∏–≤–æ–¥–ø–æ–ª–Ω—ã–π', '–†—É–ª—å—Å–ª–µ–≤–∞', '–°–æ—Å—Ç–æ—è–Ω–∏–µ–∏–¥–µ–∞–ª—å–Ω–æ–µ', '–¢–∞–º–æ–∂–Ω—è—Ä–∞—Å—Ç–∞–º–æ–∂–µ–Ω', '–û–±–º–µ–Ω—Ä–∞—Å—Å–º–æ—Ç—Ä—é –≤–∞—Ä–∏–∞–Ω—Ç—ã', '–ù–∞–ª–∏—á–∏–µ–≤ –Ω–∞–ª–∏—á–∏–∏', '–ü—Ä–æ—á–µ–µ—Å–≤–µ–∂–µ–ø—Ä–∏–≥–Ω–∞–Ω, –Ω–∞–ª–æ–≥ —É–ø–ª–∞—á–µ–Ω, —Ç–µ—Ö–æ—Å–º–æ—Ç—Ä –ø—Ä–æ–π–¥–µ–Ω, –≤–ª–æ–∂–µ–Ω–∏–π –Ω–µ —Ç—Ä–µ–±—É–µ—Ç']",–û–ø–∏—Å–∞–Ω–∏–µ –æ—Ç—Å—É—Ç—Å—Ç–≤—É–µ—Ç
Toyota Ist I 1.3 ,$ 4 500,381 600 —Å–æ–º,https://im.mashina.kg/tachka/images//b/8/a/b8afbd780f56ec40f4c8d4d9161443b1_1200x900.jpg,"['–ì–æ–¥ –≤—ã–ø—É—Å–∫–∞2002', '–ö—É–∑–æ–≤—Ö—ç—Ç—á–±–µ–∫ 5 –¥–≤.', '–¶–≤–µ—Ç –±–µ–ª—ã–π', '–î–≤–∏–≥–∞—Ç–µ–ª—å1.3 –ª. /  –±–µ–Ω–∑–∏–Ω', '–ö–æ—Ä–æ–±–∫–∞–∞–≤—Ç–æ–º–∞—Ç', '–ü—Ä–∏–≤–æ–¥–ø–µ—Ä–µ–¥–Ω–∏–π', '–†—É–ª—å—Å–ø—Ä–∞–≤–∞', '–°–æ—Å—Ç–æ—è–Ω–∏–µ—Ö–æ—Ä–æ—à–µ–µ', '–¢–∞–º–æ–∂–Ω—è—Ä–∞—Å—Ç–∞–º–æ–∂–µ–Ω', '–ù–∞–ª–∏—á–∏–µ–≤ –Ω–∞–ª–∏—á–∏–∏']","–°—Ä–æ—á–Ω–æ –¢–∞–π–æ—Ç–∞ –ò—Å—Ç 2002-1,3 —Å–æ—Å—Ç —Ö–æ—Ä–æ—à–∞—è –º–æ—Ç–æ—Ä –∫–æ—Ä–æ–±–∫–∞ üëç —Ö–æ–¥–æ–≤–∫–∞üëç—Å–¥–µ–ª–∞–Ω–æ —à—É–º–æ–∏–∑–æ–ª—è—Ü–∏—è –º–∏–Ω–∏ —Ç–æ—Ä–≥ –≤–æ–∑–ª–µ –º–∞—à–∏–Ω–µ –ø–æ —Ç–µ–ª –Ω–µ —Ç–æ—Ä–≥ 0707569292"
Daewoo Nexia I –†–µ—Å—Ç–∞–π–ª–∏–Ω–≥ 1.5 ,$ 2 241,190 000 —Å–æ–º,https://im.mashina.kg/tachka/images//3/9/f/39f31c26d9cd52f68bc87b3ea8616118_1200x900.jpg,"['–ì–æ–¥ –≤—ã–ø—É—Å–∫–∞2011', '–ü—Ä–æ–±–µ–≥206000 –∫–º', '–ö—É–∑–æ–≤—Å–µ–¥–∞–Ω', '–¶–≤–µ—Ç —Å–µ—Ä–µ–±—Ä–∏—Å—Ç—ã–π', '–î–≤–∏–≥–∞—Ç–µ–ª—å1.5 –ª. /  –±–µ–Ω–∑–∏–Ω', '–ö–æ—Ä–æ–±–∫–∞–º–µ—Ö–∞–Ω–∏–∫–∞', '–ü—Ä–∏–≤–æ–¥–ø–µ—Ä–µ–¥–Ω–∏–π', '–†—É–ª—å—Å–ª–µ–≤–∞', '–°–æ—Å—Ç–æ—è–Ω–∏–µ—Ö–æ—Ä–æ—à–µ–µ', '–¢–∞–º–æ–∂–Ω—è—Ä–∞—Å—Ç–∞–º–æ–∂–µ–Ω', '–ù–∞–ª–∏—á–∏–µ–≤ –Ω–∞–ª–∏—á–∏–∏', '–ü—Ä–æ—á–µ–µ–≤–ª–æ–∂–µ–Ω–∏–π –Ω–µ —Ç—Ä–µ–±—É–µ—Ç']","–ü—Ä–æ–¥–∞—é Nexia-2  2011-–≥.–≤ —Ä–µ—Å—Ç–∞–π–ª–∏–Ω 1,5-–æ–±—ä–µ–º 8–∫–ª–∞–ø–∞–Ω –ø—Ä–æ—Å—Ç–æ–π –º–æ—Ç–æ—Ä,–∫–æ–º–ø–ª–µ–∫—Ç–∞—Ü–∏—è –ø–æ–ª–Ω–∞—è: GLE —Å–µ—Ä–µ–±—Ä–∏—Å—Ç—ã–π –∫–æ–¥ –∫—Ä–∞—Å–∫–∏GAN –ø–æ–ª–Ω—ã–π —ç–ª–µ–∫—Ç—Ä–æ –ø–∞–∫–µ—Ç  –≥–∏–¥—Ä–æ—É—Å–∏–ª–∏—Ç–µ–ª—å —Ä—É–ª—è —Ü–µ–Ω—Ç—Ä–∞–ª—å–Ω—ã–π –∑–∞–º–æ–∫  –∫–æ—Ä–µ–∫—Ç–æ—Ä —Ñ–∞—Ä  —Å–∏–≥–Ω–∞–ª–∏–∑–∞—Ü–∏—è  —Å–∞–ª–æ–Ω —á–∏—Å—Ç—ã–π –Ω–µ –ø—Ä–∫—É—Ä–µ–Ω–Ω—ã–π –¥–≤–∏–∂–æ–∫ –Ω–µ –¥—ã–º–∏—Ç –Ω–µ —Ç—Ä–æ–∏—Ç  —Ö–æ–¥–æ–≤–∫—É —Å–¥–µ–ª–∞–ª–∏  –º–∏–Ω–∏ —Ç–æ—Ä–≥ –ø—Ä–∏ –û–°–ú–û–¢–†–ï —Ç–æ–ª—å–∫–æ –ü–æ –¥–æ–∫—É–º–µ–Ω—Ç–∞–º –±–µ–∑ –ø—Ä–æ–±–ª–µ–º —è –•–û–ó–Ø–ò–ù –ø–æ —Ç–µ—Ö –ø–∞—Å–ø–æ—Ä—Ç—É ,–±–µ–∑ —à—Ç—Ä–∞—Ñ–æ–≤ –ü–î–î. –æ—Å–º–æ—Ç—Ä –≥.–ë–∏—à–∫–µ–∫,–æ–±–º–µ–Ω –∏ —Ä–∞—Å—Ä–æ—á–∫–∏ –Ω–µ—Ç. "
Toyota 4Runner V 4.0 ,$ 28 500,2 416 800 —Å–æ–º,https://im.mashina.kg/tachka/images//3/2/1/32142e0a28441afddfe046077d5dceb2_1200x900.jpg,"['–ì–æ–¥ –≤—ã–ø—É—Å–∫–∞2010', '–ü—Ä–æ–±–µ–≥145000 –∫–º', '–ö—É–∑–æ–≤–≤–Ω–µ–¥–æ—Ä–æ–∂–Ω–∏–∫ 5 –¥–≤.', '–¶–≤–µ—Ç —Å–µ—Ä—ã–π', '–î–≤–∏–≥–∞—Ç–µ–ª—å4.0 –ª. /  –±–µ–Ω–∑–∏–Ω', '–ö–æ—Ä–æ–±–∫–∞–∞–≤—Ç–æ–º–∞—Ç', '–ü—Ä–∏–≤–æ–¥–ø–æ–ª–Ω—ã–π', '–†—É–ª—å—Å–ª–µ–≤–∞', '–°–æ—Å—Ç–æ—è–Ω–∏–µ–∏–¥–µ–∞–ª—å–Ω–æ–µ', '–¢–∞–º–æ–∂–Ω—è—Ä–∞—Å—Ç–∞–º–æ–∂–µ–Ω', '–û–±–º–µ–Ω—Ä–∞—Å—Å–º–æ—Ç—Ä—é –≤–∞—Ä–∏–∞–Ω—Ç—ã', '–ù–∞–ª–∏—á–∏–µ–≤ –Ω–∞–ª–∏—á–∏–∏', '–ü—Ä–æ—á–µ–µ–≤–ª–æ–∂–µ–Ω–∏–π –Ω–µ —Ç—Ä–µ–±—É–µ—Ç']","–ø–æ–ª–Ω–∞—è –∫–æ–º–ø–ª–µ–∫—Ç–∞—Ü–∏—è ""–õ–∏–º–∏—Ç–µ–¥"" —á–∏–ø –¥–≤–∏–≥–∞—Ç–µ–ª—è ""–ú–æ—Ä–µ–Ω–¥–∏"" –¥–∏—Å–∫–∏ –∏ –ø–æ—Ä–æ–≥–∏ ""TRD"" (–æ—Ä–∏–≥–∏–Ω–∞–ª) –ª–∏—Ñ—Ç –ø–æ–¥–≤–µ—Å–∫–∏ ""ARB"" —ç–∫—Å–∫–ª—é–∑–∏–≤–Ω—ã–π –≤—ã—Ö–ª–æ–ø –∞–∫—É—Å—Ç–∏–∫–∞ JBL –Ω–æ–≤–∞—è –∑–∏–º–Ω—è—è —Ä–µ–∑–∏–Ω–∞ –ø–æ –≥–æ—Ä–∞–º –∏ –±–µ–∑–¥–æ—Ä–æ–∂—å—é –Ω–µ –∫–∞—Ç–∞–ª–∞—Å—å . –≤–æ–∑–º. –≤–∞—Ä. —Å –¥–æ–ø–ª–∞—Ç–æ–π –º–Ω–µ  "
Audi 80 V (B4) 2.0 ,$ 2 005,170 000 —Å–æ–º,https://im.mashina.kg/tachka/images//b/a/4/ba4ac54ae95ffead1eaa076c7508fec0_1200x900.jpg,"['–ì–æ–¥ –≤—ã–ø—É—Å–∫–∞1993', '–ö—É–∑–æ–≤—Å–µ–¥–∞–Ω', '–¶–≤–µ—Ç –±–µ–ª—ã–π', '–î–≤–∏–≥–∞—Ç–µ–ª—å2.0 –ª. /  –±–µ–Ω–∑–∏–Ω', '–ö–æ—Ä–æ–±–∫–∞–º–µ—Ö–∞–Ω–∏–∫–∞', '–ü—Ä–∏–≤–æ–¥–ø–µ—Ä–µ–¥–Ω–∏–π', '–†—É–ª—å—Å–ª–µ–≤–∞', '–°–æ—Å—Ç–æ—è–Ω–∏–µ—Ö–æ—Ä–æ—à–µ–µ', '–¢–∞–º–æ–∂–Ω—è—Ä–∞—Å—Ç–∞–º–æ–∂–µ–Ω', '–ù–∞–ª–∏—á–∏–µ–≤ –Ω–∞–ª–∏—á–∏–∏']",–û–ø–∏—Å–∞–Ω–∏–µ –æ—Ç—Å—É—Ç—Å—Ç–≤—É–µ—Ç
Lexus LX III 570 5.7 ,$ 30 500,2 586 400 —Å–æ–º,https://im.mashina.kg/tachka/images//9/a/f/9af88deef445432098ae09a83605a3de_1200x900.jpg,"['–ì–æ–¥ –≤—ã–ø—É—Å–∫–∞2008', '–ü—Ä–æ–±–µ–≥205000 –∫–º', '–ö—É–∑–æ–≤–≤–Ω–µ–¥–æ—Ä–æ–∂–Ω–∏–∫ 5 –¥–≤.', '–¶–≤–µ—Ç —á–µ—Ä–Ω—ã–π', '–î–≤–∏–≥–∞—Ç–µ–ª—å5.7 –ª. /  –±–µ–Ω–∑–∏–Ω', '–ö–æ—Ä–æ–±–∫–∞–∞–≤—Ç–æ–º–∞—Ç', '–ü—Ä–∏–≤–æ–¥–ø–æ–ª–Ω—ã–π', '–†—É–ª—å—Å–ª–µ–≤–∞', '–°–æ—Å—Ç–æ—è–Ω–∏–µ–∏–¥–µ–∞–ª—å–Ω–æ–µ', '–¢–∞–º–æ–∂–Ω—è—Ä–∞—Å—Ç–∞–º–æ–∂–µ–Ω', '–û–±–º–µ–Ω—Ä–∞—Å—Å–º–æ—Ç—Ä—é –≤–∞—Ä–∏–∞–Ω—Ç—ã', '–ù–∞–ª–∏—á–∏–µ–≤ –Ω–∞–ª–∏—á–∏–∏', '–ü—Ä–æ—á–µ–µ–Ω–∞–ª–æ–≥ —É–ø–ª–∞—á–µ–Ω, –≤–ª–æ–∂–µ–Ω–∏–π –Ω–µ —Ç—Ä–µ–±—É–µ—Ç']","Lexus LX 570  –ê–º–µ—Ä–∏–∫–∞–Ω–µ—Ü  –ü—Ä–∏–≥–Ω–∞–Ω –≤ 2014 –≥–æ–¥—É –∏–∑ –°–®–ê (—Å—É—Ö–æ–π —à—Ç–∞—Ç) 1 —Ö–æ–∑—è–∏–Ω —Å –º–æ–º–µ–Ω—Ç–∞ –ø—Ä–∏–±—ã—Ç–∏—è  –ß–∏—Å—Ç—ã–π –ö–∞—Ä—Ñ–∞–∫—Å –ö—É–∑–æ–≤ –≤ —Ä–æ–¥–Ω–æ–π –∫—Ä–∞—Å–∫–µ, —Å—Ç–µ–∫–ª–∞ –≤—Å–µ —Ä–æ–¥–Ω—ã–µ, –≤ –î–¢–ü –Ω–µ —É—á–∞—Å—Ç–≤–æ–≤–∞–ª –í—Å–µ —Å—Ç–∏–∫–µ—Ä–∞ –Ω–∞ –º–µ—Å—Ç–∞—Ö –ü–µ—Ä–µ–¥–µ–ª–∞–Ω –ø–æ–¥ —Ä–µ—Å—Ç–∞–π–ª–∏–Ω–≥ 2013 –º.–≥., –≤—Å–µ –∑–∞–ø—á–∞—Å—Ç–∏ –≤ –æ—Ä–∏–≥–∏–Ω–∞–ª–µ –ø–æ–ª–Ω–∞—è —à—É–º–æ–∏–∑–æ–ª—è—Ü–∏—è 3 —Ä—è–¥–∞ —Å–∏–¥–µ–Ω–∏–π –Ω–æ–≤–∞—è —Ä–µ–∑–∏–Ω–∞ —Å—Ç–æ–∏—Ç –Ω–æ–≤–æ–µ –ì–ë–û —Ç–æ—Ä–≥ –≤ –ø—Ä–µ–¥–µ–ª–∞—Ö —Ä–∞–∑—É–º–Ω–æ–≥–æ"
Honda Accord VI 2.0 ,$ 2 948,250 000 —Å–æ–º,https://im.mashina.kg/tachka/images//1/a/c/1aca66771de864c2f5fb7a6f30f6f2a6_1200x900.jpg,"['–ì–æ–¥ –≤—ã–ø—É—Å–∫–∞1997', '–ü—Ä–æ–±–µ–≥760000 –∫–º', '–ö—É–∑–æ–≤—Å–µ–¥–∞–Ω', '–¶–≤–µ—Ç —Å–µ—Ä–µ–±—Ä–∏—Å—Ç—ã–π', '–î–≤–∏–≥–∞—Ç–µ–ª—å2.0 –ª. /  –±–µ–Ω–∑–∏–Ω', '–ö–æ—Ä–æ–±–∫–∞–º–µ—Ö–∞–Ω–∏–∫–∞', '–ü—Ä–∏–≤–æ–¥–ø–µ—Ä–µ–¥–Ω–∏–π', '–†—É–ª—å—Å–ª–µ–≤–∞', '–°–æ—Å—Ç–æ—è–Ω–∏–µ—Ö–æ—Ä–æ—à–µ–µ', '–¢–∞–º–æ–∂–Ω—è—Ä–∞—Å—Ç–∞–º–æ–∂–µ–Ω', '–ù–∞–ª–∏—á–∏–µ–≤ –Ω–∞–ª–∏—á–∏–∏', '–ü—Ä–æ—á–µ–µ–Ω–∞–ª–æ–≥ —É–ø–ª–∞—á–µ–Ω, —Ç–µ—Ö–æ—Å–º–æ—Ç—Ä –ø—Ä–æ–π–¥–µ–Ω']",—Å—Ä–æ—á–Ω–æ —Å—Ä–æ—á–Ω–æ –æ—á–µ–Ω—å —Å—Ä–æ—á–Ω–æ
Toyota Camry V (XV30) 2.4 ,$ 9 500,805 600 —Å–æ–º,https://im.mashina.kg/tachka/images//7/3/a/73a3a97f5aca7475a9dba1f0c7510910_1200x900.jpg,"['–ì–æ–¥ –≤—ã–ø—É—Å–∫–∞2004', '–ü—Ä–æ–±–µ–≥211000 –∫–º', '–ö—É–∑–æ–≤—Å–µ–¥–∞–Ω', '–¶–≤–µ—Ç —Å–µ—Ä–µ–±—Ä–∏—Å—Ç—ã–π', '–î–≤–∏–≥–∞—Ç–µ–ª—å2.4 –ª. /  –±–µ–Ω–∑–∏–Ω', '–ö–æ—Ä–æ–±–∫–∞–∞–≤—Ç–æ–º–∞—Ç', '–ü—Ä–∏–≤–æ–¥–ø–µ—Ä–µ–¥–Ω–∏–π', '–†—É–ª—å—Å–ª–µ–≤–∞', '–°–æ—Å—Ç–æ—è–Ω–∏–µ—Ö–æ—Ä–æ—à–µ–µ', '–¢–∞–º–æ–∂–Ω—è—Ä–∞—Å—Ç–∞–º–æ–∂–µ–Ω', '–û–±–º–µ–Ω–æ–±–º–µ–Ω –Ω–µ –ø—Ä–µ–¥–ª–∞–≥–∞—Ç—å', '–ù–∞–ª–∏—á–∏–µ–≤ –Ω–∞–ª–∏—á–∏–∏']","–ü—Ä–æ–¥–∞—é Toyota Camry 35 2004–≥.–≤.–∞–≤—Ç–æ–º–∞—Ç –ü–æ–¥–æ–≥—Ä–µ–≤ –ø–µ—Ä–µ–¥–Ω–∏—Ö —Å–∏–¥–µ–Ω–∏–π. –í—Å–µ —Å—Ç–∏–∫–µ—Ä–∞ –ø—Ä–∏—Å—É—Ç—Å—Ç–≤—É—é—Ç –°—Ç–µ–∫–ª–∞ —Ä–æ–¥–Ω—ã–µ! –°–æ—Å—Ç–æ—è–Ω–∏–µ –∫–æ—Ä–æ–±–∫–∞ 5+,—Ö–æ–¥–æ–≤–∫–∞ 5+ –ú–æ—Ç–æ—Ä 5+ –ß–∏—Å—Ç—ã–π —Å–∞–ª–æ–Ω. –û—á–µ–Ω—å —Ä–µ–∑–≤–∞—è! –ü—Ä–æ—à—É 9500$ –¢–µ–ª:0779000015 "
Mercedes-Benz C-–∫–ª–∞—Å—Å II (W203) 200 2.0 ,$ 5 500,466 400 —Å–æ–º,https://im.mashina.kg/tachka/images//f/b/8/fb8f72e7228db3f86841fcc191017b60_1200x900.jpg,"['–ì–æ–¥ –≤—ã–ø—É—Å–∫–∞2000', '–ö—É–∑–æ–≤—Å–µ–¥–∞–Ω', '–¶–≤–µ—Ç —Å–µ—Ä–µ–±—Ä–∏—Å—Ç—ã–π', '–î–≤–∏–≥–∞—Ç–µ–ª—å2.0 –ª. /  –±–µ–Ω–∑–∏–Ω', '–ö–æ—Ä–æ–±–∫–∞–∞–≤—Ç–æ–º–∞—Ç', '–ü—Ä–∏–≤–æ–¥–∑–∞–¥–Ω–∏–π', '–†—É–ª—å—Å–ª–µ–≤–∞', '–°–æ—Å—Ç–æ—è–Ω–∏–µ–∏–¥–µ–∞–ª—å–Ω–æ–µ', '–¢–∞–º–æ–∂–Ω—è—Ä–∞—Å—Ç–∞–º–æ–∂–µ–Ω', '–û–±–º–µ–Ω—Ä–∞—Å—Å–º–æ—Ç—Ä—é –≤–∞—Ä–∏–∞–Ω—Ç—ã', '–ù–∞–ª–∏—á–∏–µ–≤ –Ω–∞–ª–∏—á–∏–∏', '–ü—Ä–æ—á–µ–µ–Ω–∞–ª–æ–≥ —É–ø–ª–∞—á–µ–Ω, —Ç–µ—Ö–æ—Å–º–æ—Ç—Ä –ø—Ä–æ–π–¥–µ–Ω, –≤–ª–æ–∂–µ–Ω–∏–π –Ω–µ —Ç—Ä–µ–±—É–µ—Ç']",–û–ø–∏—Å–∞–Ω–∏–µ –æ—Ç—Å—É—Ç—Å—Ç–≤—É–µ—Ç
Toyota Camry VII (XV50) 2.5 ,$ 12 000,1 017 600 —Å–æ–º,https://im.mashina.kg/tachka/images//3/b/5/3b58d4a24e15aa746298dd59b8c56d43_1200x900.jpg,"['–ì–æ–¥ –≤—ã–ø—É—Å–∫–∞2013', '–ö—É–∑–æ–≤—Å–µ–¥–∞–Ω', '–¶–≤–µ—Ç –±–µ–ª—ã–π', '–î–≤–∏–≥–∞—Ç–µ–ª—å2.5 –ª. /  –±–µ–Ω–∑–∏–Ω', '–ö–æ—Ä–æ–±–∫–∞–∞–≤—Ç–æ–º–∞—Ç', '–ü—Ä–∏–≤–æ–¥–ø–µ—Ä–µ–¥–Ω–∏–π', '–†—É–ª—å—Å–ª–µ–≤–∞', '–°–æ—Å—Ç–æ—è–Ω–∏–µ–∏–¥–µ–∞–ª—å–Ω–æ–µ', '–¢–∞–º–æ–∂–Ω—è—Ä–∞—Å—Ç–∞–º–æ–∂–µ–Ω', '–û–±–º–µ–Ω—Ä–∞—Å—Å–º–æ—Ç—Ä—é –≤–∞—Ä–∏–∞–Ω—Ç—ã', '–ù–∞–ª–∏—á–∏–µ–≤ –Ω–∞–ª–∏—á–∏–∏', '–ü—Ä–æ—á–µ–µ–Ω–∞–ª–æ–≥ —É–ø–ª–∞—á–µ–Ω, —Ç–µ—Ö–æ—Å–º–æ—Ç—Ä –ø—Ä–æ–π–¥–µ–Ω, –≤–ª–æ–∂–µ–Ω–∏–π –Ω–µ —Ç—Ä–µ–±—É–µ—Ç']",–ì–ò–ë–†–ò–î !!!
Mazda 626 V (GF) 2.0 ,$ 2 005,170 000 —Å–æ–º,https://im.mashina.kg/tachka/images//b/b/9/bb96a7c46f90da558d0202a3dbf6fbe2_1200x900.jpg,"['–ì–æ–¥ –≤—ã–ø—É—Å–∫–∞2000', '–ü—Ä–æ–±–µ–≥385266 –∫–º', '–ö—É–∑–æ–≤—Ö—ç—Ç—á–±–µ–∫ 5 –¥–≤.', '–¶–≤–µ—Ç —Å–µ—Ä–µ–±—Ä–∏—Å—Ç—ã–π', '–î–≤–∏–≥–∞—Ç–µ–ª—å2.0 –ª. /  –±–µ–Ω–∑–∏–Ω', '–ö–æ—Ä–æ–±–∫–∞–º–µ—Ö–∞–Ω–∏–∫–∞', '–ü—Ä–∏–≤–æ–¥–ø–µ—Ä–µ–¥–Ω–∏–π', '–†—É–ª—å—Å–ª–µ–≤–∞', '–°–æ—Å—Ç–æ—è–Ω–∏–µ—Ö–æ—Ä–æ—à–µ–µ', '–¢–∞–º–æ–∂–Ω—è—Ä–∞—Å—Ç–∞–º–æ–∂–µ–Ω', '–û–±–º–µ–Ω—Ä–∞—Å—Å–º–æ—Ç—Ä—é –≤–∞—Ä–∏–∞–Ω—Ç—ã', '–ù–∞–ª–∏—á–∏–µ–≤ –Ω–∞–ª–∏—á–∏–∏']","–ú–∞–∑–¥–∞ 626 2000 2.0 –º–µ—Ö–∞–Ω–∏–∫–∞  –ú–æ—Ç–æ—Ä –∫–æ—Ä–æ–±–∫–∞ —Ö–æ–¥–æ–≤–∞—è —á–∞—Å—Ç—å –∏–¥–µ–∞–ª—å–Ω–æ  –í–ª–æ–∂–µ–Ω–∏—è —Ç–æ–∫–∞ –ø–æ –∫—É–∑–æ–≤—É , –Ω–∞ —Ñ–æ—Ç–æ –≤—Å–µ –Ω–∞–≥–ª—è–¥–Ω–æ –≤–∏–¥–Ω–æ  –û–±–º–µ–Ω –µ—Å—Ç—å –∏ —Ç–æ—Ä–≥ –º–∏–Ω–∏–º "
Lexus RX I 300 3.0 ,$ 6 500,551 200 —Å–æ–º,https://im.mashina.kg/tachka/images//8/6/9/86940c38e20f12a8042830f011924db1_1200x900.jpg,"['–ì–æ–¥ –≤—ã–ø—É—Å–∫–∞2002', '–ü—Ä–æ–±–µ–≥157000 –∫–º', '–ö—É–∑–æ–≤–≤–Ω–µ–¥–æ—Ä–æ–∂–Ω–∏–∫ 5 –¥–≤.', '–¶–≤–µ—Ç –±—Ä–æ–Ω–∑–∞', '–î–≤–∏–≥–∞—Ç–µ–ª—å3.0 –ª. /  –±–µ–Ω–∑–∏–Ω', '–ö–æ—Ä–æ–±–∫–∞–∞–≤—Ç–æ–º–∞—Ç', '–ü—Ä–∏–≤–æ–¥–ø–æ–ª–Ω—ã–π', '–†—É–ª—å—Å–ø—Ä–∞–≤–∞', '–°–æ—Å—Ç–æ—è–Ω–∏–µ—Ö–æ—Ä–æ—à–µ–µ', '–¢–∞–º–æ–∂–Ω—è—Ä–∞—Å—Ç–∞–º–æ–∂–µ–Ω', '–û–±–º–µ–Ω—Ä–∞—Å—Å–º–æ—Ç—Ä—é –≤–∞—Ä–∏–∞–Ω—Ç—ã', '–ù–∞–ª–∏—á–∏–µ–≤ –Ω–∞–ª–∏—á–∏–∏', '–ü—Ä–æ—á–µ–µ–Ω–∞–ª–æ–≥ —É–ø–ª–∞—á–µ–Ω, –≤–ª–æ–∂–µ–Ω–∏–π –Ω–µ —Ç—Ä–µ–±—É–µ—Ç']",–°–†–û–ß–ù–û!!!! –°–†–û–ß–ù–û!!!! –°–†–û–ß–ù–û!!!! –†–∞—Å—Å–º–æ—Ç—Ä—é –≤–∞—Ä–∏–∞–Ω—Ç—ã —Å –¥–æ–ø–ª–∞—Ç–æ–π –º–Ω–µ!
Honda CR-V II 2.0 ,$ 6 500,551 200 —Å–æ–º,https://im.mashina.kg/tachka/images//a/5/f/a5f7f181d4abd3378e1a626bd75880d3_1200x900.jpg,"['–ì–æ–¥ –≤—ã–ø—É—Å–∫–∞2003', '–ü—Ä–æ–±–µ–≥125000 –∫–º', '–ö—É–∑–æ–≤–≤–Ω–µ–¥–æ—Ä–æ–∂–Ω–∏–∫ 5 –¥–≤.', '–¶–≤–µ—Ç —Å–∏–Ω–∏–π', '–î–≤–∏–≥–∞—Ç–µ–ª—å2.0 –ª. /  –±–µ–Ω–∑–∏–Ω', '–ö–æ—Ä–æ–±–∫–∞–∞–≤—Ç–æ–º–∞—Ç', '–ü—Ä–∏–≤–æ–¥–ø–æ–ª–Ω—ã–π', '–†—É–ª—å—Å–ø—Ä–∞–≤–∞', '–°–æ—Å—Ç–æ—è–Ω–∏–µ—Ö–æ—Ä–æ—à–µ–µ', '–¢–∞–º–æ–∂–Ω—è—Ä–∞—Å—Ç–∞–º–æ–∂–µ–Ω', '–û–±–º–µ–Ω—Ä–∞—Å—Å–º–æ—Ç—Ä—é –≤–∞—Ä–∏–∞–Ω—Ç—ã', '–ù–∞–ª–∏—á–∏–µ–≤ –Ω–∞–ª–∏—á–∏–∏', '–ü—Ä–æ—á–µ–µ–Ω–∞–ª–æ–≥ —É–ø–ª–∞—á–µ–Ω']",–°—Ä–æ—á–Ω–æ!!! –°—Ä–æ—á–Ω–æ!!! –°—Ä–æ—á–Ω–æ!!!
Toyota Camry V (XV30) 2.4 ,$ 7 400,627 520 —Å–æ–º,https://im.mashina.kg/tachka/images//4/a/5/4a5a8ae836113d15ed536814b0dd6a17_1200x900.jpg,"['–ì–æ–¥ –≤—ã–ø—É—Å–∫–∞2003', '–ö—É–∑–æ–≤—Å–µ–¥–∞–Ω', '–¶–≤–µ—Ç —Å–µ—Ä–µ–±—Ä–∏—Å—Ç—ã–π', '–î–≤–∏–≥–∞—Ç–µ–ª—å2.4 –ª. /  –±–µ–Ω–∑–∏–Ω', '–ö–æ—Ä–æ–±–∫–∞–∞–≤—Ç–æ–º–∞—Ç', '–ü—Ä–∏–≤–æ–¥–ø–µ—Ä–µ–¥–Ω–∏–π', '–†—É–ª—å—Å–ª–µ–≤–∞', '–°–æ—Å—Ç–æ—è–Ω–∏–µ–∏–¥–µ–∞–ª—å–Ω–æ–µ', '–¢–∞–º–æ–∂–Ω—è—Ä–∞—Å—Ç–∞–º–æ–∂–µ–Ω', '–û–±–º–µ–Ω–æ–±–º–µ–Ω –Ω–µ –ø—Ä–µ–¥–ª–∞–≥–∞—Ç—å', '–ù–∞–ª–∏—á–∏–µ–≤ –Ω–∞–ª–∏—á–∏–∏']",–°–†–û–ß–ù–û –ü–†–û–î–ê–Æ  TOYOTA CAMRY (30) 2003.–ì–û–î 2.4–û–ë–™–ï–ú  –í –ò–î–ò–ê–õ–¨–ù–û–ú –°–û–°–¢–û–Ø–ù–ò–ò –í–õ–û–ñ–ï–ù–ò–ô –ù–ï –¢–†–ï–ë–£–ï–¢  –ê–ú–ï–†–ò–ö–ê–ù–ï–¶ –ù–ï –ë–ò–¢–´–ô –í–°–ï –°–¢–ò–ö–ï–†–´ –ù–ê –ú–ï–°–¢–ï –†–û–î–ù–ê–Ø –ö–†–ê–°–ö–ê –ö–ü–ü.–ò –ú–û–¢–û–† –ò–î–ò–ê–õ–¨–ù–û–ï –Æ–†–ò–î–ò–ß–ï–°–ö–ò –ß–ò–°–¢–ê–Ø –†–ï–ê–õ–¨–ù–û–ú–£ –ü–û–ö–£–ü–ê–¢–ï–õ–Æ –£–°–¢–£–ü–õ–Æ –¢–û–†–ì –£ –ö–ê–ü–û–¢–ê. 
Honda Stream I 2.0 ,$ 3 999,339 115 —Å–æ–º,https://im.mashina.kg/tachka/images//5/6/a/56a7763ba1048bf3b875cce275a7f788_1200x900.jpg,"['–ì–æ–¥ –≤—ã–ø—É—Å–∫–∞2000', '–ö—É–∑–æ–≤–º–∏–Ω–∏–≤—ç–Ω', '–¶–≤–µ—Ç –∑–æ–ª–æ—Ç–∏—Å—Ç—ã–π', '–î–≤–∏–≥–∞—Ç–µ–ª—å2.0 –ª. /  –±–µ–Ω–∑–∏–Ω', '–ö–æ—Ä–æ–±–∫–∞–∞–≤—Ç–æ–º–∞—Ç', '–ü—Ä–∏–≤–æ–¥–ø–µ—Ä–µ–¥–Ω–∏–π', '–†—É–ª—å—Å–ø—Ä–∞–≤–∞', '–°–æ—Å—Ç–æ—è–Ω–∏–µ—Ö–æ—Ä–æ—à–µ–µ', '–¢–∞–º–æ–∂–Ω—è—Ä–∞—Å—Ç–∞–º–æ–∂–µ–Ω', '–û–±–º–µ–Ω—Ä–∞—Å—Å–º–æ—Ç—Ä—é –≤–∞—Ä–∏–∞–Ω—Ç—ã', '–ù–∞–ª–∏—á–∏–µ–≤ –Ω–∞–ª–∏—á–∏–∏']",–û–ø–∏—Å–∞–Ω–∏–µ –æ—Ç—Å—É—Ç—Å—Ç–≤—É–µ—Ç
Hyundai Sonata VI (YF) 2.0 ,$ 7 900,669 920 —Å–æ–º,https://im.mashina.kg/tachka/images//e/a/5/ea567e8876a74c5faf72e58997f62427_1200x900.jpg,"['–ì–æ–¥ –≤—ã–ø—É—Å–∫–∞2014', '–ü—Ä–æ–±–µ–≥155000 –∫–º', '–ö—É–∑–æ–≤—Å–µ–¥–∞–Ω', '–¶–≤–µ—Ç —Å–µ—Ä–µ–±—Ä–∏—Å—Ç—ã–π', '–î–≤–∏–≥–∞—Ç–µ–ª—å2.0 –ª. /  –≥–∞–∑', '–ö–æ—Ä–æ–±–∫–∞–∞–≤—Ç–æ–º–∞—Ç', '–ü—Ä–∏–≤–æ–¥–ø–µ—Ä–µ–¥–Ω–∏–π', '–†—É–ª—å—Å–ª–µ–≤–∞', '–°–æ—Å—Ç–æ—è–Ω–∏–µ—Ö–æ—Ä–æ—à–µ–µ', '–¢–∞–º–æ–∂–Ω—è—Ä–∞—Å—Ç–∞–º–æ–∂–µ–Ω', '–û–±–º–µ–Ω–æ–±–º–µ–Ω –Ω–µ –ø—Ä–µ–¥–ª–∞–≥–∞—Ç—å', '–ù–∞–ª–∏—á–∏–µ–≤ –Ω–∞–ª–∏—á–∏–∏', '–ü—Ä–æ—á–µ–µ—Å–≤–µ–∂–µ–ø—Ä–∏–≥–Ω–∞–Ω, –Ω–∞–ª–æ–≥ —É–ø–ª–∞—á–µ–Ω, —Ç–µ—Ö–æ—Å–º–æ—Ç—Ä –ø—Ä–æ–π–¥–µ–Ω, –≤–ª–æ–∂–µ–Ω–∏–π –Ω–µ —Ç—Ä–µ–±—É–µ—Ç']","–ü—Ä–æ–¥–∞—é  Hyundai  sonata  –≥–æ–¥ 2014 (–Ω–æ—è–±—Ä—å) –æ–±—å–µ–º 2.0 (–≥–∞–∑) 5 –ø–æ–∫–æ–ª–µ–Ω–∏–µ (—Å –∑–∞–≤–æ–¥–∞) —Ä–∞—Å—Ö–æ–¥ 12–ª –≥–æ—Ä–æ–¥,—Ç—Ä–∞—Å—Å–∞ 10–ª –∫–æ—Ä–æ–±–∫–∞:  –∞–≤—Ç–æ–º–∞—Ç —ç–ª–µ–∫—Ç—Ä–æ–ø–∞–∫–µ—Ç,–ø–æ–¥–æ–≥—Ä–µ–≤ –ø–µ—Ä–µ–¥–Ω–∏—Ö —Å–∏–¥–µ–Ω–∏–π,–±–æ–∫–æ–≤—ã–µ –∏ –∑–∞–¥–Ω–∏–µ –∫–∞–º–µ—Ä—ã –∑–∞–¥–Ω–µ–≥–æ –≤–∏–¥–∞ –º–∞—à–∏–Ω–∞ –æ—Ñ–æ—Ä–º–ª–µ–Ω–∞ (–Ω–∞ –∫—ã—Ä–≥—ã–∑—Å–∫–∏—Ö –Ω–æ–º–µ—Ä–∞—Ö) –Æ—Ä–∏–¥–∏—á–µ—Å–∫–∏–π —á–∏—Å—Ç—ã–π —Å–≤–µ–∂–∏–µ –º–∞—Å–ª–∞,—Ñ–∏–ª—å—Ç—Ä–∞ –Ω–æ–≤—ã–µ,–Ω–æ–≤—ã–µ —Ñ–æ—Ä—Å—É–Ω–∫–∏ –Ω–æ–≤–∞—è –ª–µ—Ç–Ω—è—è –∂–∏—Ä–Ω–∞—è —Ä–µ–∑–∏–Ω–∞,—Å–≤–µ—á–∏,–∞–∫–∫—É–º—É–ª—è—Ç–æ—Ä,—Ñ–∏–ª—å—Ç—Ä–∞(—Ç–æ–Ω–∫–æ–π –∏ –≥—Ä—É–±–æ–π –æ—á–∏—Å—Ç–∫–∏) –∏.—Ç.–¥  –≤—Å–µ –∑–∞–ø—á–∞—Å—Ç–∏ –Ω–∞ –º–µ—Å—Ç–µ!   "
Nissan Primera I (P10) 2.0 ,$ 1 769,150 000 —Å–æ–º,https://im.mashina.kg/tachka/images//0/a/1/0a1bde1449f8039c41d7e6b26880eb77_1200x900.jpg,"['–ì–æ–¥ –≤—ã–ø—É—Å–∫–∞1994', '–ü—Ä–æ–±–µ–≥52 –∫–º', '–ö—É–∑–æ–≤—É–Ω–∏–≤–µ—Ä—Å–∞–ª', '–¶–≤–µ—Ç —Å–∏–Ω–∏–π', '–î–≤–∏–≥–∞—Ç–µ–ª—å2.0 –ª. /  –¥–∏–∑–µ–ª—å', '–ö–æ—Ä–æ–±–∫–∞–º–µ—Ö–∞–Ω–∏–∫–∞', '–ü—Ä–∏–≤–æ–¥–ø–µ—Ä–µ–¥–Ω–∏–π', '–†—É–ª—å—Å–ª–µ–≤–∞', '–°–æ—Å—Ç–æ—è–Ω–∏–µ—Ö–æ—Ä–æ—à–µ–µ', '–¢–∞–º–æ–∂–Ω—è—Ä–∞—Å—Ç–∞–º–æ–∂–µ–Ω', '–û–±–º–µ–Ω—Ä–∞—Å—Å–º–æ—Ç—Ä—é –≤–∞—Ä–∏–∞–Ω—Ç—ã', '–ù–∞–ª–∏—á–∏–µ–≤ –Ω–∞–ª–∏—á–∏–∏']",–ø—Ä–æ—á–Ω–æ —Å—Ä–æ—á–Ω–æ —Å—Ä–æ—á–Ω–æ 
"Mercedes-Benz E-–∫–ª–∞—Å—Å II (W210, S210) –†–µ—Å—Ç–∞–π–ª–∏–Ω–≥ 430 4.3 ",$ 10 800,915 840 —Å–æ–º,https://im.mashina.kg/tachka/images//8/e/7/8e76e454ada5daee8905b6cc46b182c3_1200x900.jpg,"['–ì–æ–¥ –≤—ã–ø—É—Å–∫–∞2000', '–ü—Ä–æ–±–µ–≥123000 –∫–º', '–ö—É–∑–æ–≤—Å–µ–¥–∞–Ω', '–¶–≤–µ—Ç –±–µ–ª—ã–π', '–î–≤–∏–≥–∞—Ç–µ–ª—å4.3 –ª. /  –±–µ–Ω–∑–∏–Ω', '–ö–æ—Ä–æ–±–∫–∞–∞–≤—Ç–æ–º–∞—Ç', '–ü—Ä–∏–≤–æ–¥–∑–∞–¥–Ω–∏–π', '–†—É–ª—å—Å–ª–µ–≤–∞', '–°–æ—Å—Ç–æ—è–Ω–∏–µ–∏–¥–µ–∞–ª—å–Ω–æ–µ', '–¢–∞–º–æ–∂–Ω—è—Ä–∞—Å—Ç–∞–º–æ–∂–µ–Ω', '–û–±–º–µ–Ω–æ–±–º–µ–Ω –Ω–µ –ø—Ä–µ–¥–ª–∞–≥–∞—Ç—å', '–ù–∞–ª–∏—á–∏–µ–≤ –Ω–∞–ª–∏—á–∏–∏']","–ü—Ä–æ–¥–∞—ë—Ç—Å—è Mercedes-Bens W210 üáØüáµ: 2000 –≥–æ–¥, –æ–±—ä—ë–º 4.3, —Ü–≤–µ—Ç –±–µ–ª—ã–π, –Ω–∞ –∫—ã—Ä–≥ –Ω–æ–º–µ—Ä–∞—Ö, –º–æ–Ω–∏—Ç–æ—Ä, –ö–∞–º–µ—Ä–∞ –∑–∞–¥–Ω–µ–≥–æ –≤–∏–¥–∞, –ø–æ—Ç–æ–ª–æ–∫ –∞–ª—å–∫–∞–Ω—Ç–∞—Ä–∞, —É—Å—Ç–∞–Ω–æ–≤–ª–µ–Ω–∞ —à—É–º–æ–≤–∏–±—Ä–æ–∏–∑–æ–ª—è—Ü–∏—è –ø—Ä–µ–º–∏—É–º –∫–ª–∞—Å—Å–∞, –¥–∏—Å–∫–∏ r17 –Ω–∞ –ª–µ—Ç–Ω–µ–π —Ä–µ–∑–∏–Ω–µ. –°–æ—Å—Ç–æ—è–Ω–∏–µ –∏–¥–µ–∞–ª—å–Ω–æ–µ, –≤—Å–µ —Å—Ç—ë–∫–ª–∞ —Ä–æ–¥–Ω—ã–µ. –¶–µ–Ω–∞ 10800$ —Ç–æ—Ä–≥ –ø–æ—Å–ª–µ –æ—Å–º–æ—Ç—Ä–∞ –∞–≤—Ç–æ–º–æ–±–∏–ª—è. –ù–æ–º–µ—Ä —Ç–µ–ª–µ—Ñ–æ–Ω–∞: 0505122666 (–≤–∞—Ü–∞–ø)"
Volkswagen Passat B5 1.8 ,$ 2 241,190 000 —Å–æ–º,https://im.mashina.kg/tachka/images//a/5/4/a54b52281b0569af05760e732d5daecd_1200x900.jpg,"['–ì–æ–¥ –≤—ã–ø—É—Å–∫–∞1999', '–ü—Ä–æ–±–µ–≥286863 –∫–º', '–ö—É–∑–æ–≤—É–Ω–∏–≤–µ—Ä—Å–∞–ª', '–¶–≤–µ—Ç –∑–µ–ª–µ–Ω—ã–π', '–î–≤–∏–≥–∞—Ç–µ–ª—å1.8 –ª. /  –±–µ–Ω–∑–∏–Ω', '–ö–æ—Ä–æ–±–∫–∞–º–µ—Ö–∞–Ω–∏–∫–∞', '–ü—Ä–∏–≤–æ–¥–ø–µ—Ä–µ–¥–Ω–∏–π', '–†—É–ª—å—Å–ª–µ–≤–∞', '–°–æ—Å—Ç–æ—è–Ω–∏–µ—Ö–æ—Ä–æ—à–µ–µ', '–¢–∞–º–æ–∂–Ω—è–Ω–µ —Ä–∞—Å—Ç–∞–º–æ–∂–µ–Ω', '–û–±–º–µ–Ω—Ä–∞—Å—Å–º–æ—Ç—Ä—é –≤–∞—Ä–∏–∞–Ω—Ç—ã', '–ù–∞–ª–∏—á–∏–µ–≤ –Ω–∞–ª–∏—á–∏–∏', '–ü—Ä–æ—á–µ–µ–Ω–∞–ª–æ–≥ —É–ø–ª–∞—á–µ–Ω']",–û–ø–∏—Å–∞–Ω–∏–µ –æ—Ç—Å—É—Ç—Å—Ç–≤—É–µ—Ç
Honda Odyssey II 3.0 ,$ 5 200,440 960 —Å–æ–º,https://im.mashina.kg/tachka/images//b/2/8/b2844164e215f35f2755d3a6dc704811_1200x900.jpg,"['–ì–æ–¥ –≤—ã–ø—É—Å–∫–∞2000', '–ü—Ä–æ–±–µ–≥123456 –∫–º', '–ö—É–∑–æ–≤–º–∏–Ω–∏–≤—ç–Ω', '–¶–≤–µ—Ç –±–µ–ª—ã–π', '–î–≤–∏–≥–∞—Ç–µ–ª—å3.0 –ª. /  –±–µ–Ω–∑–∏–Ω', '–ö–æ—Ä–æ–±–∫–∞–∞–≤—Ç–æ–º–∞—Ç', '–ü—Ä–∏–≤–æ–¥–ø–æ–ª–Ω—ã–π', '–†—É–ª—å—Å–ª–µ–≤–∞', '–°–æ—Å—Ç–æ—è–Ω–∏–µ—Ö–æ—Ä–æ—à–µ–µ', '–¢–∞–º–æ–∂–Ω—è—Ä–∞—Å—Ç–∞–º–æ–∂–µ–Ω', '–ù–∞–ª–∏—á–∏–µ–≤ –Ω–∞–ª–∏—á–∏–∏']",–°—Ä–æ—á–Ω–æ –ø—Ä–æ–¥–∞—é –•–æ–Ω–¥–∞ –æ–¥–∏—Å—Å–µ–π 2000–≥–≤  –ü—Ä–µ—Å—Ç–∏–∂
–í–ê–ó (Lada) 2107 2107 1.5 ,$ 943,80 000 —Å–æ–º,https://im.mashina.kg/tachka/images//3/8/4/3841faf70c50354f08d852fd1eafc45a_1200x900.jpg,"['–ì–æ–¥ –≤—ã–ø—É—Å–∫–∞2005', '–ö—É–∑–æ–≤—Å–µ–¥–∞–Ω', '–¶–≤–µ—Ç –≤–∏—à–Ω—è', '–î–≤–∏–≥–∞—Ç–µ–ª—å1.5 –ª. /  –±–µ–Ω–∑–∏–Ω', '–ö–æ—Ä–æ–±–∫–∞–º–µ—Ö–∞–Ω–∏–∫–∞', '–ü—Ä–∏–≤–æ–¥–∑–∞–¥–Ω–∏–π', '–†—É–ª—å—Å–ª–µ–≤–∞', '–°–æ—Å—Ç–æ—è–Ω–∏–µ—Ö–æ—Ä–æ—à–µ–µ', '–¢–∞–º–æ–∂–Ω—è–Ω–µ —Ä–∞—Å—Ç–∞–º–æ–∂–µ–Ω', '–û–±–º–µ–Ω—Ä–∞—Å—Å–º–æ—Ç—Ä—é –≤–∞—Ä–∏–∞–Ω—Ç—ã', '–ù–∞–ª–∏—á–∏–µ–≤ –Ω–∞–ª–∏—á–∏–∏']",–º–∞–ª –∫–æ–π–≥–æ –¥–∞ –æ–±–º–µ–Ω –∫—ã–ª–∞–±—ã–∑
Lexus LX III 570 5.7 ,$ 28 900,2 450 720 —Å–æ–º,https://im.mashina.kg/tachka/images//8/5/c/85cce09d5ed5fcd5f607a2d098fb2a36_1200x900.jpg,"['–ì–æ–¥ –≤—ã–ø—É—Å–∫–∞2010', '–ü—Ä–æ–±–µ–≥207000 –∫–º', '–ö—É–∑–æ–≤–≤–Ω–µ–¥–æ—Ä–æ–∂–Ω–∏–∫ 5 –¥–≤.', '–¶–≤–µ—Ç —á–µ—Ä–Ω—ã–π', '–î–≤–∏–≥–∞—Ç–µ–ª—å5.7 –ª. /  –±–µ–Ω–∑–∏–Ω', '–ö–æ—Ä–æ–±–∫–∞–∞–≤—Ç–æ–º–∞—Ç', '–ü—Ä–∏–≤–æ–¥–ø–æ–ª–Ω—ã–π', '–†—É–ª—å—Å–ª–µ–≤–∞', '–°–æ—Å—Ç–æ—è–Ω–∏–µ–∏–¥–µ–∞–ª—å–Ω–æ–µ', '–¢–∞–º–æ–∂–Ω—è—Ä–∞—Å—Ç–∞–º–æ–∂–µ–Ω', '–ù–∞–ª–∏—á–∏–µ–≤ –Ω–∞–ª–∏—á–∏–∏']",–û–ø–∏—Å–∞–Ω–∏–µ –æ—Ç—Å—É—Ç—Å—Ç–≤—É–µ—Ç
Toyota Camry VII (XV50) 2.5 ,$ 11 800,1 000 640 —Å–æ–º,https://im.mashina.kg/tachka/images//d/d/e/dde6a6f55133df94a863d96c7169ac82_1200x900.jpg,"['–ì–æ–¥ –≤—ã–ø—É—Å–∫–∞2012', '–ü—Ä–æ–±–µ–≥214000 –∫–º', '–ö—É–∑–æ–≤—Å–µ–¥–∞–Ω', '–¶–≤–µ—Ç —á–µ—Ä–Ω—ã–π', '–î–≤–∏–≥–∞—Ç–µ–ª—å2.5 –ª. /  –±–µ–Ω–∑–∏–Ω', '–ö–æ—Ä–æ–±–∫–∞–∞–≤—Ç–æ–º–∞—Ç', '–ü—Ä–∏–≤–æ–¥–ø–µ—Ä–µ–¥–Ω–∏–π', '–†—É–ª—å—Å–ª–µ–≤–∞', '–°–æ—Å—Ç–æ—è–Ω–∏–µ—Ö–æ—Ä–æ—à–µ–µ', '–¢–∞–º–æ–∂–Ω—è—Ä–∞—Å—Ç–∞–º–æ–∂–µ–Ω', '–ù–∞–ª–∏—á–∏–µ–≤ –Ω–∞–ª–∏—á–∏–∏']",–ü—Ä–æ–¥–∞—é –¢–æ–π–æ—Ç–∞ –ö–∞–º—Ä–∏ 50 –∫—É–∑–æ–≤–µ SE  –ß–∏—Å—Ç—ã–π –ê–º–µ—Ä–∏–∫–∞–Ω–µ—Ü –±–µ–∑ –≤–ª–æ–∂–µ–Ω–∏–π  –ê–≤—Ç–æ–º–∞—Ç-–¢–∏–ø—Ç—Ä–æ–Ω–∏–∫ 6 —Å—Ç—É–ø–∫–∞ –ª–µ–ø–µ—Å—Ç–∫–∏  –†–∞–∑—É–º–Ω—ã–π —Ç–æ—Ä–≥ —É –∫–∞–ø–æ—Ç–∞ –ø—Ä–∏–≤–µ—Ç—Å—Ç–≤—É–µ—Ç—Å—è!  –í—Å–µ –≤–æ–ø—Ä–æ—Å—ã –ø–æ —Ç–µ–ª: 0708434445
"Mercedes-Benz E-–∫–ª–∞—Å—Å IV (W212, S212, C207) 350 3.5 ",$ 17 000,1 441 600 —Å–æ–º,https://im.mashina.kg/tachka/images//4/b/2/4b29890d1e5b27bc1c2b3d01f357e2ac_1200x900.jpg,"['–ì–æ–¥ –≤—ã–ø—É—Å–∫–∞2009', '–ü—Ä–æ–±–µ–≥99300 –∫–º', '–ö—É–∑–æ–≤—Å–µ–¥–∞–Ω', '–¶–≤–µ—Ç —Å–µ—Ä–µ–±—Ä–∏—Å—Ç—ã–π', '–î–≤–∏–≥–∞—Ç–µ–ª—å3.5 –ª. /  –±–µ–Ω–∑–∏–Ω', '–ö–æ—Ä–æ–±–∫–∞–∞–≤—Ç–æ–º–∞—Ç', '–ü—Ä–∏–≤–æ–¥–∑–∞–¥–Ω–∏–π', '–†—É–ª—å—Å–ª–µ–≤–∞', '–°–æ—Å—Ç–æ—è–Ω–∏–µ–∏–¥–µ–∞–ª—å–Ω–æ–µ', '–¢–∞–º–æ–∂–Ω—è—Ä–∞—Å—Ç–∞–º–æ–∂–µ–Ω', '–û–±–º–µ–Ω–æ–±–º–µ–Ω –Ω–µ –ø—Ä–µ–¥–ª–∞–≥–∞—Ç—å', '–ù–∞–ª–∏—á–∏–µ–≤ –Ω–∞–ª–∏—á–∏–∏', '–ü—Ä–æ—á–µ–µ–≤–ª–æ–∂–µ–Ω–∏–π –Ω–µ —Ç—Ä–µ–±—É–µ—Ç, –Ω–∞–ª–æ–≥ —É–ø–ª–∞—á–µ–Ω', '–ì–æ—Å –Ω–æ–º–µ—Ä01kg212ach']","Mercedes Benz E350 W212. –ì–æ–¥ –≤—ã–ø—É—Å–∫–∞: 2009 –û–±—ä–µ–º –¥–≤–∏–≥–∞—Ç–µ–ª—è: 3.5 –ö–æ—Ä–æ–±–∫–∞: 7g tronic –ü—Ä–æ–±–µ–≥: 99300 –∫–º. –¶–≤–µ—Ç: –°–µ—Ä–µ–±—Ä–æ (–ò—Ä–∏–¥–∏–π —Å–µ—Ä–µ–±—Ä–∏—Å—Ç—ã–π) –°—Ç—Ä–∞–Ω–∞: –Ø–ø–æ–Ω–∏—è (Yanese) –ö–æ–º–ø–ª–µ–∫—Ç–∞—Ü–∏—è: Avantgarde –°–æ—Å—Ç–æ—è–Ω–∏–µ: –ò–¥–µ–∞–ª—å–Ω–æ–µ –°–∞–ª–æ–Ω: –ß—ë—Ä–Ω—ã–π –∫–æ–∂–∞–Ω—ã–π —Å–∞–ª–æ–Ω –∞–Ω—Ç—Ä–∞—Ü–∏—Ç,  –¥–µ—Ä–µ–≤–æ —á—ë—Ä–Ω—ã–π —è—Å–µ–Ω—å, –ø–æ–¥–æ–≥—Ä–µ–≤ —Å–∏–¥–µ–Ω–∏–π, —ç–ª–µ–∫—Ç—Ä–∏—á–µ—Å–∫–∞—è  —à—Ç–æ—Ä–∫–∞ –∑–∞–¥–Ω–µ–≥–æ —Å—Ç–µ–∫–ª–∞, –±–µ—Å–∫–ª—é—á–µ–≤–æ–π –¥–æ—Å—Ç—É–ø, –ª—é–∫, –ø–∞—Ä–∫—Ç—Ä–æ–Ω–∏–∫–∏, –∫–∞–º–µ—Ä–∞ –∑–∞–¥–Ω–µ–≥–æ –≤–∏–¥–∞, –∞–¥–∞–ø—Ç–∏–≤–Ω—ã–µ —Ñ–∞—Ä—ã ILS, –∞–∫—Ç–∏–≤–Ω—ã–π –∫–∞–ø–æ—Ç (—Å–∏—Å—Ç–µ–º–∞ –∑–∞—â–∏—Ç—ã –ø–µ—à–µ—Ö–æ–¥–æ–≤), –ø–æ–ª–Ω—ã–π —ç–ª–µ–∫—Ç—Ä–æ –ø–∞–∫–µ—Ç –∞–≤—Ç–æ–º–∞—Ç–∏—á–µ—Å–∫–æ–µ —Ä–∞—Å–ø–æ–∑–Ω–∞–≤–∞–Ω–∏–µ –ø–æ–ª–æ—Å—ã ,–¥–≤–∏–∂–µ–Ω–∏—è. –ü–µ—Ä–≤—ã–π —Ö–æ–∑—è–∏–Ω –≤ –ö–†, –ø—Ä–∏–≥–Ω–∞–Ω –ª–µ—Ç–æ–º 2019, –∫–æ–º–ø–ª–µ–∫—Ç —à–∏–Ω –∑–∏–º–∞/–ª–µ—Ç–æ –¶–µ–Ω–∞: 17 000$ –¢–µ–ª–µ—Ñ–æ–Ω: 0700030326   "
Subaru Forester I –†–µ—Å—Ç–∞–π–ª–∏–Ω–≥ 2.0 ,$ 4 700,398 560 —Å–æ–º,https://im.mashina.kg/tachka/images//6/d/7/6d7647ece47cbed3bf89265f64f7ec3e_1200x900.jpg,"['–ì–æ–¥ –≤—ã–ø—É—Å–∫–∞2001', '–ü—Ä–æ–±–µ–≥197000 –∫–º', '–ö—É–∑–æ–≤—É–Ω–∏–≤–µ—Ä—Å–∞–ª', '–¶–≤–µ—Ç –±–µ–ª—ã–π', '–î–≤–∏–≥–∞—Ç–µ–ª—å2.0 –ª. /  –±–µ–Ω–∑–∏–Ω', '–ö–æ—Ä–æ–±–∫–∞–∞–≤—Ç–æ–º–∞—Ç', '–ü—Ä–∏–≤–æ–¥–ø–æ–ª–Ω—ã–π', '–†—É–ª—å—Å–ø—Ä–∞–≤–∞', '–°–æ—Å—Ç–æ—è–Ω–∏–µ—Ö–æ—Ä–æ—à–µ–µ', '–¢–∞–º–æ–∂–Ω—è—Ä–∞—Å—Ç–∞–º–æ–∂–µ–Ω', '–ù–∞–ª–∏—á–∏–µ–≤ –Ω–∞–ª–∏—á–∏–∏']","–ü—Ä–æ–¥–∞—é –°—É–±–∞—Ä—É —Ñ–æ—Ä–µ—Å—Ç–µ—Ä 2 –º–æ–Ω–æ —Ç—É—Ä–±–æ –ú–∞—à–∏–Ω–∞ –≤ –æ—Ç–ª–∏—á–Ω–æ–º —Å–æ—Å—Ç–æ—è–Ω–∏–∏  –ë–µ–∑ –∫–∞–∫–∏—Ö –ª–∏–±–æ –≤–ª–æ–∂–µ–Ω–∏–π 2 –æ–π —Ö–æ–∑—è–∏–Ω –ö–† –ê–≤—Ç–æ–∑–∞–≤–æ–¥–∫–∞, —Ç—É—Ä–±–æ-—Ç–∞–π–º–µ—Ä, 2 –∫–ª—é—á–∞,  2 –ø—É–ª—å—Ç–∞ –ø—Ä–æ–±–µ–≥ –æ—Ä–∏–≥–∏–Ω–∞–ª —Ç–æ—Ä–≥ –ø–æ—Å–ª–µ –æ—Å–º–æ—Ç—Ä–∞ 0708434444"
Land Rover Range Rover III –†–µ—Å—Ç–∞–π–ª–∏–Ω–≥ 2 Supercharged 5.0 ,$ 21 500,1 823 200 —Å–æ–º,https://im.mashina.kg/tachka/images//3/3/a/33a1d58fec802f2c0e9f53b442866049_1200x900.jpg,"['–ì–æ–¥ –≤—ã–ø—É—Å–∫–∞2010', '–ü—Ä–æ–±–µ–≥190000 –∫–º', '–ö—É–∑–æ–≤–≤–Ω–µ–¥–æ—Ä–æ–∂–Ω–∏–∫ 5 –¥–≤.', '–¶–≤–µ—Ç —á–µ—Ä–Ω—ã–π', '–î–≤–∏–≥–∞—Ç–µ–ª—å5.0 –ª. /  –±–µ–Ω–∑–∏–Ω', '–ö–æ—Ä–æ–±–∫–∞–∞–≤—Ç–æ–º–∞—Ç', '–ü—Ä–∏–≤–æ–¥–ø–æ–ª–Ω—ã–π', '–†—É–ª—å—Å–ª–µ–≤–∞', '–°–æ—Å—Ç–æ—è–Ω–∏–µ—Ö–æ—Ä–æ—à–µ–µ', '–¢–∞–º–æ–∂–Ω—è—Ä–∞—Å—Ç–∞–º–æ–∂–µ–Ω', '–û–±–º–µ–Ω—Ä–∞—Å—Å–º–æ—Ç—Ä—é –≤–∞—Ä–∏–∞–Ω—Ç—ã', '–ù–∞–ª–∏—á–∏–µ–≤ –Ω–∞–ª–∏—á–∏–∏', '–ü—Ä–æ—á–µ–µ–≤–ª–æ–∂–µ–Ω–∏–π –Ω–µ —Ç—Ä–µ–±—É–µ—Ç']","–¢–∞ —Å–∞–º–∞—è –ª–∏–º–∏—Ç–∏—Ä–æ–≤–∞–Ω–Ω–∞—è –≤–µ—Ä—Å–∏—è ¬´Autobiography black¬ª –ú–æ—Ç–æ—Ä –Ω–µ —Å—Ç—É—á–∏—Ç  –ö–æ—Ä–æ–±–∫–∞ –Ω–µ –ø–∏–Ω–∞–µ—Ç  –•–æ–¥–æ–≤–∫–∏ –Ω–∞ –º–µ—Å—Ç–µ  –ù–∏—á–µ–≥–æ –Ω–µ –±–µ–∂–∏—Ç –Ω–µ —Ç–µ—á—ë—Ç  –í–ª–æ–∂–µ–Ω–∏–π –Ω–∏–∫–∞–∫–∏—Ö –¢–æ—Ä–≥ —É –∫–∞–ø–æ—Ç–∞, –∑–≤–æ–Ω–∏—Ç—å –ø–æ —Ç–µ–ª –∏–ª–∏ –≤–æ—Ç—Å–∞–ø –Ω–∞ —ç—Ç–æ–º –∂–µ –Ω–æ–º–µ—Ä–µ. "
"Mercedes-Benz E-–∫–ª–∞—Å—Å III (W211, S211) 500 5.0 ",$ 7 000,593 600 —Å–æ–º,https://im.mashina.kg/tachka/images//1/5/f/15f37bb30620f6d7f1dac3fa0415ec6d_1200x900.jpg,"['–ì–æ–¥ –≤—ã–ø—É—Å–∫–∞2003', '–ü—Ä–æ–±–µ–≥242100 –∫–º', '–ö—É–∑–æ–≤—Å–µ–¥–∞–Ω', '–¶–≤–µ—Ç –±–µ–ª—ã–π', '–î–≤–∏–≥–∞—Ç–µ–ª—å5.0 –ª. /  –±–µ–Ω–∑–∏–Ω', '–ö–æ—Ä–æ–±–∫–∞–∞–≤—Ç–æ–º–∞—Ç', '–ü—Ä–∏–≤–æ–¥–∑–∞–¥–Ω–∏–π', '–†—É–ª—å—Å–ª–µ–≤–∞', '–°–æ—Å—Ç–æ—è–Ω–∏–µ—Ö–æ—Ä–æ—à–µ–µ', '–¢–∞–º–æ–∂–Ω—è—Ä–∞—Å—Ç–∞–º–æ–∂–µ–Ω', '–ù–∞–ª–∏—á–∏–µ–≤ –Ω–∞–ª–∏—á–∏–∏', '–ü—Ä–æ—á–µ–µ–Ω–∞–ª–æ–≥ —É–ø–ª–∞—á–µ–Ω']",–û–ø–∏—Å–∞–Ω–∏–µ –æ—Ç—Å—É—Ç—Å—Ç–≤—É–µ—Ç
Lexus LS IV 460 4.6 ,$ 12 500,1 060 000 —Å–æ–º,https://im.mashina.kg/tachka/images//b/d/0/bd0a9e575d03273d780871e20cf2c941_1200x900.jpg,"['–ì–æ–¥ –≤—ã–ø—É—Å–∫–∞2009', '–ü—Ä–æ–±–µ–≥147500 –∫–º', '–ö—É–∑–æ–≤—Å–µ–¥–∞–Ω', '–¶–≤–µ—Ç —Å–µ—Ä–µ–±—Ä–∏—Å—Ç—ã–π', '–î–≤–∏–≥–∞—Ç–µ–ª—å4.6 –ª. /  –±–µ–Ω–∑–∏–Ω', '–ö–æ—Ä–æ–±–∫–∞–∞–≤—Ç–æ–º–∞—Ç', '–ü—Ä–∏–≤–æ–¥–∑–∞–¥–Ω–∏–π', '–†—É–ª—å—Å–ª–µ–≤–∞', '–°–æ—Å—Ç–æ—è–Ω–∏–µ–∏–¥–µ–∞–ª—å–Ω–æ–µ', '–¢–∞–º–æ–∂–Ω—è—Ä–∞—Å—Ç–∞–º–æ–∂–µ–Ω', '–û–±–º–µ–Ω–æ–±–º–µ–Ω –Ω–µ –ø—Ä–µ–¥–ª–∞–≥–∞—Ç—å', '–ù–∞–ª–∏—á–∏–µ–≤ –Ω–∞–ª–∏—á–∏–∏', '–ü—Ä–æ—á–µ–µ—Å–≤–µ–∂–µ–ø—Ä–∏–≥–Ω–∞–Ω, –Ω–∞–ª–æ–≥ —É–ø–ª–∞—á–µ–Ω, —Ç–µ—Ö–æ—Å–º–æ—Ç—Ä –ø—Ä–æ–π–¥–µ–Ω, –≤–ª–æ–∂–µ–Ω–∏–π –Ω–µ —Ç—Ä–µ–±—É–µ—Ç']","–°–†–û–ß–ù–û –ü–†–û–î–ê–Æ! LEXUS LS 460 –Ø–ü–û–ù–ï–¶ –ì–û–î - 2009/09 –û–ë–™–Å–ú - 4.6 –ü–†–û–ë–ï–ì - 147,500 –°–û–°–¢–û–Ø–ù–ò–ï –û–¢–õ–ò–ß–ù–û–ï –ö–û–ú–ü–õ–ï–ö–¢–ê–¶–ò–Ø –ú–ê–ö–°–ò–ú–ê–õ–¨–ù–ê–Ø –í–õ–û–ñ–ï–ù–ò–ô –ù–ï –¢–†–ï–ë–£–ï–¢ –í–°–ï –°–¢–ï–ö–õ–ê –ó–ê–í–û–î–°–ö–û–ô –ú–ê–†–ö–ò–†–û–í–ö–ï ""LEXUS"" –ö–£–ó–û–í –¶–ï–õ–´–ô, –ù–ï –ö–†–ê–®–ï–ù–ù–´–ô –ó–ê–ö–ê–ó–´–í–ê–õ–ò –î–õ–Ø –°–ï–ë–Ø –ò–ó –Æ–ñ.–ö–û–†–ï–ò –û–î–ò–ù –í–õ–ê–î–ï–õ–ï–¶ –¶–ï–ù–ê: 12,500$ 0500 08 08 70"
Toyota Camry IX (XV70) 2.5 ,$ 19 500,1 653 600 —Å–æ–º,https://im.mashina.kg/tachka/images//1/f/9/1f9ee1ff7608e97bb359adc678d491ad_1200x900.jpg,"['–ì–æ–¥ –≤—ã–ø—É—Å–∫–∞2018', '–ü—Ä–æ–±–µ–≥100000 –∫–º', '–ö—É–∑–æ–≤—Å–µ–¥–∞–Ω', '–¶–≤–µ—Ç —Ö–∞–º–µ–ª–µ–æ–Ω', '–î–≤–∏–≥–∞—Ç–µ–ª—å2.5 –ª. /  –±–µ–Ω–∑–∏–Ω', '–ö–æ—Ä–æ–±–∫–∞–∞–≤—Ç–æ–º–∞—Ç', '–ü—Ä–∏–≤–æ–¥–ø–µ—Ä–µ–¥–Ω–∏–π', '–†—É–ª—å—Å–ª–µ–≤–∞', '–°–æ—Å—Ç–æ—è–Ω–∏–µ–∏–¥–µ–∞–ª—å–Ω–æ–µ', '–¢–∞–º–æ–∂–Ω—è—Ä–∞—Å—Ç–∞–º–æ–∂–µ–Ω', '–û–±–º–µ–Ω—Ä–∞—Å—Å–º–æ—Ç—Ä—é –≤–∞—Ä–∏–∞–Ω—Ç—ã', '–ù–∞–ª–∏—á–∏–µ–≤ –Ω–∞–ª–∏—á–∏–∏', '–ü—Ä–æ—á–µ–µ—Å–≤–µ–∂–µ–ø—Ä–∏–≥–Ω–∞–Ω, –Ω–∞–ª–æ–≥ —É–ø–ª–∞—á–µ–Ω, —Ç–µ—Ö–æ—Å–º–æ—Ç—Ä –ø—Ä–æ–π–¥–µ–Ω, –≤–ª–æ–∂–µ–Ω–∏–π –Ω–µ —Ç—Ä–µ–±—É–µ—Ç']",–ü—Ä–æ–¥–∞—é –¢–æ–π–æ—Ç—É –ö–∞–º—Ä–∏ 70–∫–∞. 2018 –≥–æ–¥–∞. SE. –ß–µ—Ä–Ω—ã–π –∫–æ–∂–∞–Ω—ã–π —Å–∞–ª–æ–Ω. –í –æ—Ç–ª–∏—á–Ω–æ–º —Å–æ—Å—Ç–æ—è–Ω–∏–∏. –ß–∏—Å—Ç—ã–π –∫–∞—Ä—Ñ–∞–∫—Å. –†–∞—Å—Ç–∞–º–æ–∂–µ–Ω–∞ –∏ –æ—Ñ–æ—Ä–º–ª–µ–Ω–∞. –ù–∞ –ö–† –Ω–æ–º–µ—Ä–∞—Ö. –¶–µ–Ω–∞ 19500$. 0700212312
Mercedes-Benz S-–∫–ª–∞—Å—Å V (W221) 500 5.5 ,$ 13 800,1 170 240 —Å–æ–º,https://im.mashina.kg/tachka/images//3/6/5/365472b76ea6d15d5b914fbfe6d39492_1200x900.jpg,"['–ì–æ–¥ –≤—ã–ø—É—Å–∫–∞2006', '–ü—Ä–æ–±–µ–≥153000 –∫–º', '–ö—É–∑–æ–≤—Å–µ–¥–∞–Ω', '–¶–≤–µ—Ç –±–µ–ª—ã–π', '–î–≤–∏–≥–∞—Ç–µ–ª—å5.5 –ª. /  –±–µ–Ω–∑–∏–Ω', '–ö–æ—Ä–æ–±–∫–∞–∞–≤—Ç–æ–º–∞—Ç', '–ü—Ä–∏–≤–æ–¥–∑–∞–¥–Ω–∏–π', '–†—É–ª—å—Å–ª–µ–≤–∞', '–°–æ—Å—Ç–æ—è–Ω–∏–µ–∏–¥–µ–∞–ª—å–Ω–æ–µ', '–¢–∞–º–æ–∂–Ω—è—Ä–∞—Å—Ç–∞–º–æ–∂–µ–Ω', '–û–±–º–µ–Ω–æ–±–º–µ–Ω –Ω–µ –ø—Ä–µ–¥–ª–∞–≥–∞—Ç—å', '–ù–∞–ª–∏—á–∏–µ–≤ –Ω–∞–ª–∏—á–∏–∏', '–ü—Ä–æ—á–µ–µ–Ω–∞–ª–æ–≥ —É–ø–ª–∞—á–µ–Ω, —Ç–µ—Ö–æ—Å–º–æ—Ç—Ä –ø—Ä–æ–π–¥–µ–Ω, –≤–ª–æ–∂–µ–Ω–∏–π –Ω–µ —Ç—Ä–µ–±—É–µ—Ç']","–Ø–ø–æ–Ω–µ—Ü, –≤ –¥–æ—Å—Ç–æ–π–Ω–æ–º —Å–æ—Å—Ç–æ—è–Ω–∏–∏, —Ä–æ–¥–Ω–∞—è –∫—Ä–∞—Å–∫–∞, –æ–±–≤–µ—Å 6.3 AMG, –ø–æ–¥ –∂–∏–¥–∫–∏–º  —Å—Ç–µ–∫–ª–æ–º, –Ω–æ–≤–∞—è —Ä–µ–∑–∏–Ω–∞, —Ü–µ–ø—å –≤ –¥–≤–∏–≥–∞—Ç–µ–ª–µ –∏ –ø–ª–∞—Ç–∞ –ê–ö–ü–ü –∑–∞–º–µ–Ω–µ–Ω—ã, –¥–ª—è —Ç–µ—Ö –∫—Ç–æ –∏—â–µ—Ç –¥–ª—è —Å–µ–±—è"
Toyota Land Cruiser 100 Series –†–µ—Å—Ç–∞–π–ª–∏–Ω–≥ 2 105 4.2 ,$ 22 000,1 865 600 —Å–æ–º,https://im.mashina.kg/tachka/images//e/8/5/e8512c58feae378478ce7d9888da209f_1200x900.jpg,"['–ì–æ–¥ –≤—ã–ø—É—Å–∫–∞2006', '–ü—Ä–æ–±–µ–≥160000 –∫–º', '–ö—É–∑–æ–≤–≤–Ω–µ–¥–æ—Ä–æ–∂–Ω–∏–∫ 5 –¥–≤.', '–¶–≤–µ—Ç –±–µ–ª—ã–π', '–î–≤–∏–≥–∞—Ç–µ–ª—å4.2 –ª. /  –¥–∏–∑–µ–ª—å', '–ö–æ—Ä–æ–±–∫–∞–º–µ—Ö–∞–Ω–∏–∫–∞', '–ü—Ä–∏–≤–æ–¥–ø–æ–ª–Ω—ã–π', '–†—É–ª—å—Å–ª–µ–≤–∞', '–°–æ—Å—Ç–æ—è–Ω–∏–µ–∏–¥–µ–∞–ª—å–Ω–æ–µ', '–¢–∞–º–æ–∂–Ω—è—Ä–∞—Å—Ç–∞–º–æ–∂–µ–Ω', '–ù–∞–ª–∏—á–∏–µ–≤ –Ω–∞–ª–∏—á–∏–∏']","–ü—Ä–æ–¥–∞—é Toyota Land Cruiser 105  –ö–æ–º–ø–ª–µ–∫—Ç–∞—Ü–∏—è GX –ì–æ–¥ 2006 (–ø–æ—Å–ª–µ–¥–Ω–∏–π –º–µ—Å—è—Ü) –û–¥–∏–Ω —Ö–æ–∑—è–∏–Ω –≤ –ö–†. –ö—É–∑–æ–≤ –≤–µ—Å—å —Ü–µ–ª—ã–π , –º–∞—à–∏–Ω–∞ –Ω–µ –±–∏—Ç–∞—è, —Å—Ç—ë–∫–ª–∞ –≤—Å–µ —Ä–æ–¥–Ω—ã–µ. –û—Å–º–æ—Ç—Ä –≤ —Ü–µ–Ω—Ç—Ä–µ –ë–∏—à–∫–µ–∫–∞. –ó–≤–æ–Ω–∏—Ç—å –∑–∞—Ä–∞–Ω–µ–µ. "
Mercedes-Benz V-–∫–ª–∞—Å—Å II 250 BlueTEC 2.1 ,$ 35 000,2 968 000 —Å–æ–º,https://im.mashina.kg/tachka/images//d/c/6/dc6f51e149ddbd38ae3059401e378ec2_1200x900.jpg,"['–ì–æ–¥ –≤—ã–ø—É—Å–∫–∞2016', '–ü—Ä–æ–±–µ–≥230000 –∫–º', '–ö—É–∑–æ–≤–º–∏–Ω–∏–≤—ç–Ω', '–¶–≤–µ—Ç –±–µ–ª—ã–π', '–î–≤–∏–≥–∞—Ç–µ–ª—å2.1 –ª. /  –¥–∏–∑–µ–ª—å', '–ö–æ—Ä–æ–±–∫–∞–∞–≤—Ç–æ–º–∞—Ç', '–ü—Ä–∏–≤–æ–¥–ø–æ–ª–Ω—ã–π', '–†—É–ª—å—Å–ª–µ–≤–∞', '–°–æ—Å—Ç–æ—è–Ω–∏–µ–∏–¥–µ–∞–ª—å–Ω–æ–µ', '–¢–∞–º–æ–∂–Ω—è—Ä–∞—Å—Ç–∞–º–æ–∂–µ–Ω', '–ù–∞–ª–∏—á–∏–µ–≤ –Ω–∞–ª–∏—á–∏–∏', '–ü—Ä–æ—á–µ–µ–≤–ª–æ–∂–µ–Ω–∏–π –Ω–µ —Ç—Ä–µ–±—É–µ—Ç']",–û–ø–∏—Å–∞–Ω–∏–µ –æ—Ç—Å—É—Ç—Å—Ç–≤—É–µ—Ç
Lexus RX III –†–µ—Å—Ç–∞–π–ª–∏–Ω–≥ 350 3.5 ,$ 26 500,2 247 200 —Å–æ–º,https://im.mashina.kg/tachka/images//d/9/c/d9cbc3998496c5c0376504816009f067_1200x900.jpg,"['–ì–æ–¥ –≤—ã–ø—É—Å–∫–∞2013', '–ü—Ä–æ–±–µ–≥98000 –∫–º', '–ö—É–∑–æ–≤–≤–Ω–µ–¥–æ—Ä–æ–∂–Ω–∏–∫ 5 –¥–≤.', '–¶–≤–µ—Ç –±–µ–ª—ã–π', '–î–≤–∏–≥–∞—Ç–µ–ª—å3.5 –ª. /  –±–µ–Ω–∑–∏–Ω', '–ö–æ—Ä–æ–±–∫–∞–∞–≤—Ç–æ–º–∞—Ç', '–ü—Ä–∏–≤–æ–¥–ø–æ–ª–Ω—ã–π', '–†—É–ª—å—Å–ª–µ–≤–∞', '–°–æ—Å—Ç–æ—è–Ω–∏–µ–∏–¥–µ–∞–ª—å–Ω–æ–µ', '–¢–∞–º–æ–∂–Ω—è—Ä–∞—Å—Ç–∞–º–æ–∂–µ–Ω', '–ù–∞–ª–∏—á–∏–µ–≤ –Ω–∞–ª–∏—á–∏–∏']","RX350. 2013–≥ —Ä–µ—Å—Ç–∞–π–ª–∏–Ω–≥. –ë–µ–ª—ã–π –Ω–∞ —á–µ—Ä–Ω–æ–º. 4–≤–¥. –ï–≤—Ä–æ–ø–µ–µ—Ü. –°–∞–º–∞—è –ø–æ–ª–Ω–∞—è –∫–æ–º–ø–ª–µ–∫—Ç–∞—Ü–∏—è; –ü–æ–¥–æ–≥—Ä–µ–≤ —Ä—É–ª—è, –ø—Ä–æ–µ–∫—Ü–∏—è –Ω–∞ –ª–æ–±–æ–≤–æ–º —Å—Ç–µ–∫–ª–µ, –ø–∞–º—è—Ç—å —Å–∏–¥–µ–Ω–∏–π –ø–∞—Å—Å–∞–∂–∏—Ä–∞, –∫–∞–º–µ—Ä–∞ –ø—Ä–∞–≤–æ–π —Å—Ç–æ—Ä–æ–Ω—ã, –ø–æ–¥–æ–≥—Ä–µ–≤ –∏ –≤–µ–Ω—Ç–∏–ª—è—Ü–∏—è —Å–∏–¥–µ–Ω–∏–π, –∞–∫—É—Å—Ç–∏–∫–∞ Mark Levinson, –ª—é–∫ –∏ —Ç–ø. –°–æ—Å—Ç–æ—è–Ω–∏–µ –∏–¥–µ–∞–ª—å–Ω–æ–µ, –≤—Å–µ —Ä–æ–¥–Ω–æ–µ, –Ω–µ –±–∏—Ç—ã–π, –Ω–µ –∫—Ä–∞—à–µ–Ω (—Å–æ—Å—Ç–æ—è–Ω–∏–µ –Ω–æ–≤–æ–π –º–∞—à–∏–Ω—ã). –ü—Ä–æ–±–µ–≥ 98 000 –æ—Ä–∏–≥–∏–Ω–∞–ª. –û–¥–∏–Ω —Ö–æ–∑—è–∏–Ω.  –û–±–º–µ–Ω —Ç–æ–ª—å–∫–æ –Ω–∞ –õ–µ–Ω–¥ –∫—Ä—É–∑–µ—Ä 200 2012-2015–≥–≥ —Å –º–æ–µ–π –¥–æ–ø–ª–∞—Ç–æ–π "
Mazda CX-9 I 3.5 ,$ 7 000,593 600 —Å–æ–º,https://im.mashina.kg/tachka/images//b/6/7/b67df9b93ee72e39e089c3ca847b487a_1200x900.jpg,"['–ì–æ–¥ –≤—ã–ø—É—Å–∫–∞2007', '–ü—Ä–æ–±–µ–≥200000 –∫–º', '–ö—É–∑–æ–≤–≤–Ω–µ–¥–æ—Ä–æ–∂–Ω–∏–∫ 5 –¥–≤.', '–¶–≤–µ—Ç —Å–µ—Ä–µ–±—Ä–∏—Å—Ç—ã–π', '–î–≤–∏–≥–∞—Ç–µ–ª—å3.5 –ª. /  –±–µ–Ω–∑–∏–Ω', '–ö–æ—Ä–æ–±–∫–∞–∞–≤—Ç–æ–º–∞—Ç', '–ü—Ä–∏–≤–æ–¥–ø–æ–ª–Ω—ã–π', '–†—É–ª—å—Å–ª–µ–≤–∞', '–°–æ—Å—Ç–æ—è–Ω–∏–µ—Ö–æ—Ä–æ—à–µ–µ', '–¢–∞–º–æ–∂–Ω—è—Ä–∞—Å—Ç–∞–º–æ–∂–µ–Ω', '–ù–∞–ª–∏—á–∏–µ–≤ –Ω–∞–ª–∏—á–∏–∏']",–û–ø–∏—Å–∞–Ω–∏–µ –æ—Ç—Å—É—Ç—Å—Ç–≤—É–µ—Ç
Mercedes-Benz G-–∫–ª–∞—Å—Å II (W463) 500 5.0 ,$ 24 000,2 035 200 —Å–æ–º,https://im.mashina.kg/tachka/images//a/7/f/a7f26e6a80c3d7c06cb362d7c3ac842e_1200x900.jpg,"['–ì–æ–¥ –≤—ã–ø—É—Å–∫–∞2003', '–ö—É–∑–æ–≤–≤–Ω–µ–¥–æ—Ä–æ–∂–Ω–∏–∫ 5 –¥–≤.', '–¶–≤–µ—Ç —Å–∏–Ω–∏–π', '–î–≤–∏–≥–∞—Ç–µ–ª—å5.0 –ª. /  –±–µ–Ω–∑–∏–Ω', '–ö–æ—Ä–æ–±–∫–∞–∞–≤—Ç–æ–º–∞—Ç', '–ü—Ä–∏–≤–æ–¥–ø–æ–ª–Ω—ã–π', '–†—É–ª—å—Å–ª–µ–≤–∞', '–°–æ—Å—Ç–æ—è–Ω–∏–µ—Ö–æ—Ä–æ—à–µ–µ', '–¢–∞–º–æ–∂–Ω—è—Ä–∞—Å—Ç–∞–º–æ–∂–µ–Ω', '–ù–∞–ª–∏—á–∏–µ–≤ –Ω–∞–ª–∏—á–∏–∏']","–ü—Ä–æ–¥–∞—é –∏–ª–∏ –º–µ–Ω—è—é.  –ú–µ—Ä—Å–µ–¥–µ—Å G-500.  >>>BRABUS<<< –ì–æ–¥ 2003.  –û–±—ä—ë–º 5.0.  –ß—ë—Ä–Ω—ã–π –∫–æ–∂–∞–Ω—ã–π —Å–∞–ª–æ–Ω.  –†—É–ª—å –æ—Ç 6.3 –í—ã—Ö–ª–æ–ø –æ—Ç 6.3  –®—É–º–æ–∏–∑–∞–ª—è—Ü–∏—è 3–æ–π —Å–ª–æ–π . –î–∏—Å–∫–∏ R20 BRABUS. –ü–æ–¥–æ–≥—Ä–µ–≤ —Å–∏–¥–µ–Ω–∏–π.  –ú–æ–Ω–∏—Ç–æ—Ä.  –ú–∞—à–∏–Ω–∞ –≤ –∏–¥–µ–∞–ª—å–Ω–æ–º —Å–æ—Å—Ç–æ—è–Ω–∏–µ.  –ë–µ–∑ –≤–ª–æ–∂–µ–Ω–∏–π.  –¶–µ–Ω–∞ 23500$  –ù–∞ –æ–±–º–µ–Ω. 25000$ 0558444428.   "
Subaru Legacy IV GT 2.0 ,$ 5 500,466 400 —Å–æ–º,https://im.mashina.kg/tachka/images//5/a/3/5a34a52337201d6a93d3af9da52c8310_1200x900.jpg,"['–ì–æ–¥ –≤—ã–ø—É—Å–∫–∞2005', '–ü—Ä–æ–±–µ–≥300000 –∫–º', '–ö—É–∑–æ–≤—É–Ω–∏–≤–µ—Ä—Å–∞–ª', '–¶–≤–µ—Ç –±–µ–ª—ã–π', '–î–≤–∏–≥–∞—Ç–µ–ª—å2.0 –ª. /  –±–µ–Ω–∑–∏–Ω', '–ö–æ—Ä–æ–±–∫–∞–∞–≤—Ç–æ–º–∞—Ç', '–ü—Ä–∏–≤–æ–¥–ø–æ–ª–Ω—ã–π', '–†—É–ª—å—Å–ø—Ä–∞–≤–∞', '–°–æ—Å—Ç–æ—è–Ω–∏–µ–∏–¥–µ–∞–ª—å–Ω–æ–µ', '–¢–∞–º–æ–∂–Ω—è—Ä–∞—Å—Ç–∞–º–æ–∂–µ–Ω', '–û–±–º–µ–Ω—Ä–∞—Å—Å–º–æ—Ç—Ä—é –≤–∞—Ä–∏–∞–Ω—Ç—ã', '–ù–∞–ª–∏—á–∏–µ–≤ –Ω–∞–ª–∏—á–∏–∏', '–ü—Ä–æ—á–µ–µ–Ω–∞–ª–æ–≥ —É–ø–ª–∞—á–µ–Ω']","–ü—Ä–æ–¥–∞—é Subaru Legacy BP5,2005–≥.–≤ 2.0 —Ç—É—Ä–±–æ (—Å—Ç–æ–∏—Ç –Ω–æ–≤–∞—è —Ç—É—Ä–±–∏–Ω–∞) –¶–≤–µ—Ç:–±–µ–ª—ã–π –∂–µ–º—á—É–≥ –ù–æ–≤–∞—è —Ä–µ–∑–∏–Ω–∞  –ù–æ–≤—ã–π –∞–∫–∫—É–º—É–ª—è—Ç–æ—Ä  –•–æ—Ä–æ—à–∞—è –∞–∫—É—Å—Ç–∏–∫–∞  –ê–≤—Ç–æ–∑–∞–≤–æ–¥,—Ç—É—Ä–±–æ—Ç–∞–π–º–µ—Ä –°–∞–ª–æ–Ω —á–∏—Å—Ç—ã–π,–Ω–µ –ø—Ä–æ–∫—É—Ä–µ–Ω–Ω—ã–π –ö–æ–Ω–¥–∏—Ü–∏–æ–Ω–µ—Ä,–∫–ª–∏–º–∞—Ç –∫–æ–Ω—Ç—Ä–æ–ª—å !  –ü–æ–¥—Ä–æ–±–Ω–æ –≤ WhatsApp +996551996666 —Ç–æ–ª—å–∫–æ –ø–∏—Å–∞—Ç—å!!!! +996709497371-–∑–≤–æ–Ω–∏—Ç—å!! 5500$ —Ç–æ—Ä–≥ !!!"
Toyota Highlander II (U40) –†–µ—Å—Ç–∞–π–ª–∏–Ω–≥ 3.5 ,$ 19 000,1 611 200 —Å–æ–º,https://im.mashina.kg/tachka/images//f/4/9/f49373dc0ef1386179facb2702c7a5da_1200x900.jpg,"['–ì–æ–¥ –≤—ã–ø—É—Å–∫–∞2011', '–ü—Ä–æ–±–µ–≥115000 –∫–º', '–ö—É–∑–æ–≤–≤–Ω–µ–¥–æ—Ä–æ–∂–Ω–∏–∫ 5 –¥–≤.', '–¶–≤–µ—Ç —Å–µ—Ä–µ–±—Ä–∏—Å—Ç—ã–π', '–î–≤–∏–≥–∞—Ç–µ–ª—å3.5 –ª. /  –±–µ–Ω–∑–∏–Ω', '–ö–æ—Ä–æ–±–∫–∞–∞–≤—Ç–æ–º–∞—Ç', '–ü—Ä–∏–≤–æ–¥–ø–æ–ª–Ω—ã–π', '–†—É–ª—å—Å–ª–µ–≤–∞', '–°–æ—Å—Ç–æ—è–Ω–∏–µ–∏–¥–µ–∞–ª—å–Ω–æ–µ', '–¢–∞–º–æ–∂–Ω—è—Ä–∞—Å—Ç–∞–º–æ–∂–µ–Ω', '–ù–∞–ª–∏—á–∏–µ–≤ –Ω–∞–ª–∏—á–∏–∏']",Toyota Highlander II (U40) –ì–æ–¥ : 2011 —Ä–µ—Å—Ç–∞–π–ª–∏–Ω–≥  –û–±—ä—ë–º : 3.5 –±–µ–Ω–∑–∏–Ω  –ü—Ä–æ–±–µ–≥ : 115—Ç—ã—Å.–∫–º  –°–±–æ—Ä–∫–∞ : –ï–≤—Ä–æ–ø–∞ ! ! !  –ò—Ç–∞–ª—å—è–Ω—Å–∫–∏–π –ì–ê–ó —É—Å—Ç–∞–Ω–æ–≤–∏–ª–∏  –ü–æ–ª–Ω—ã–π –ø—Ä–∏–≤–æ–¥ ( 4WD )  –ß—ë—Ä–Ω—ã–π –∫–æ–∂.—Å–∞–ª–æ–Ω  3-—Ä—è–¥–∞ —Å–∏–¥–µ–Ω–∏–π  –ö–∞–º–µ—Ä–∞ –∑–∞–¥–Ω–µ–≥–æ –≤–∏–¥–∞  –í –î–¢–ü –Ω–µ —É—á–∞—Å—Ç–≤–æ–≤–∞–ª–∞ ( –≤ —Ä–æ–¥–Ω–æ–º –æ–∫—Ä–∞—Å–µ )  –í –æ—Ç–ª–∏—á–Ω–æ–º —Å–æ—Å—Ç–æ—è–Ω–∏–∏ !  –¶–µ–Ω–∞ : 19.000$  –¢–µ–ª–µ—Ñ–æ–Ω : 0509 07 07 00
Lexus RX I 300 3.0 ,$ 6 600,559 680 —Å–æ–º,https://im.mashina.kg/tachka/images//0/1/5/015703d6bf641bb2d4c6131e1ce46c4c_1200x900.jpg,"['–ì–æ–¥ –≤—ã–ø—É—Å–∫–∞1999', '–ü—Ä–æ–±–µ–≥155 –∫–º', '–ö—É–∑–æ–≤–≤–Ω–µ–¥–æ—Ä–æ–∂–Ω–∏–∫ 5 –¥–≤.', '–¶–≤–µ—Ç –±–µ–ª—ã–π', '–î–≤–∏–≥–∞—Ç–µ–ª—å3.0 –ª. /  –±–µ–Ω–∑–∏–Ω', '–ö–æ—Ä–æ–±–∫–∞–∞–≤—Ç–æ–º–∞—Ç', '–ü—Ä–∏–≤–æ–¥–ø–æ–ª–Ω—ã–π', '–†—É–ª—å—Å–ª–µ–≤–∞', '–°–æ—Å—Ç–æ—è–Ω–∏–µ—Ö–æ—Ä–æ—à–µ–µ', '–¢–∞–º–æ–∂–Ω—è—Ä–∞—Å—Ç–∞–º–æ–∂–µ–Ω', '–û–±–º–µ–Ω–æ–±–º–µ–Ω –Ω–µ –ø—Ä–µ–¥–ª–∞–≥–∞—Ç—å', '–ù–∞–ª–∏—á–∏–µ–≤ –Ω–∞–ª–∏—á–∏–∏']","–ü—Ä–æ–¥–∞—é. –õ–µ–∫—Å—É—Å RX300 –ì–∞–∑ –±–µ–Ω–∑–∏–Ω. –í—Å–µ —Å—Ç–∏–∫–µ—Ä–∞ –Ω–∞ –º–µ—Å—Ç–µ. –ë–µ–∑ –≤–ª–æ–∂–µ–Ω–∏–π.. –ü–æ–ª–Ω—ã–π –ø—Ä–∏–≤–æ–¥. –¶–µ–Ω–∞ 6600$ "
Kia K5 I –†–µ—Å—Ç–∞–π–ª–∏–Ω–≥ 2.0 ,$ 8 500,720 800 —Å–æ–º,https://im.mashina.kg/tachka/images//0/6/1/061e795071937e487dd806b6587560c4_1200x900.jpg,"['–ì–æ–¥ –≤—ã–ø—É—Å–∫–∞2014', '–ü—Ä–æ–±–µ–≥200000 –∫–º', '–ö—É–∑–æ–≤—Å–µ–¥–∞–Ω', '–¶–≤–µ—Ç —Å–µ—Ä–µ–±—Ä–∏—Å—Ç—ã–π', '–î–≤–∏–≥–∞—Ç–µ–ª—å2.0 –ª. /  –≥–∞–∑', '–ö–æ—Ä–æ–±–∫–∞–∞–≤—Ç–æ–º–∞—Ç', '–ü—Ä–∏–≤–æ–¥–ø–µ—Ä–µ–¥–Ω–∏–π', '–†—É–ª—å—Å–ª–µ–≤–∞', '–°–æ—Å—Ç–æ—è–Ω–∏–µ–∏–¥–µ–∞–ª—å–Ω–æ–µ', '–¢–∞–º–æ–∂–Ω—è—Ä–∞—Å—Ç–∞–º–æ–∂–µ–Ω', '–û–±–º–µ–Ω—Ä–∞—Å—Å–º–æ—Ç—Ä—é –≤–∞—Ä–∏–∞–Ω—Ç—ã', '–ù–∞–ª–∏—á–∏–µ–≤ –Ω–∞–ª–∏—á–∏–∏', '–ü—Ä–æ—á–µ–µ—Å–≤–µ–∂–µ–ø—Ä–∏–≥–Ω–∞–Ω, –Ω–∞–ª–æ–≥ —É–ø–ª–∞—á–µ–Ω, —Ç–µ—Ö–æ—Å–º–æ—Ç—Ä –ø—Ä–æ–π–¥–µ–Ω, –≤–ª–æ–∂–µ–Ω–∏–π –Ω–µ —Ç—Ä–µ–±—É–µ—Ç']","–ú–∞—à–∏–Ω–∞ –ø—Ä–∏–µ—Ö–∞–ª–∞ –ø–æ–ª–≥–æ–¥–∞ –Ω–∞–∑–∞–¥ —Å –ö–æ—Ä–µ–∏, –≤ —Ç–∞–∫—Å–∏ –Ω–µ –±—ã–ª–∞, –≤ –∏–¥–µ–∞–ª—å–Ω–æ–º —Å–æ—Å—Ç–æ—è–Ω–∏–∏, –ª—é–±—ã–µ —Ç–µ—Ö –æ—Å–º–æ—Ç—Ä—ã –∑–∞ –≤–∞—à —Å—á–µ—Ç."
Toyota Camry IX (XV70) 2.5 ,$ 22 000,1 865 600 —Å–æ–º,https://im.mashina.kg/tachka/images//3/f/d/3fd7afb0376f3b9bc7a141abac992cf7_1200x900.jpg,"['–ì–æ–¥ –≤—ã–ø—É—Å–∫–∞2019', '–ü—Ä–æ–±–µ–≥35500 –∫–º', '–ö—É–∑–æ–≤—Å–µ–¥–∞–Ω', '–¶–≤–µ—Ç —Å–µ—Ä—ã–π', '–î–≤–∏–≥–∞—Ç–µ–ª—å2.5 –ª. /  –±–µ–Ω–∑–∏–Ω', '–ö–æ—Ä–æ–±–∫–∞–∞–≤—Ç–æ–º–∞—Ç', '–ü—Ä–∏–≤–æ–¥–ø–µ—Ä–µ–¥–Ω–∏–π', '–†—É–ª—å—Å–ª–µ–≤–∞', '–°–æ—Å—Ç–æ—è–Ω–∏–µ—Ö–æ—Ä–æ—à–µ–µ', '–¢–∞–º–æ–∂–Ω—è—Ä–∞—Å—Ç–∞–º–æ–∂–µ–Ω', '–ù–∞–ª–∏—á–∏–µ–≤ –Ω–∞–ª–∏—á–∏–∏']",–û–ø–∏—Å–∞–Ω–∏–µ –æ—Ç—Å—É—Ç—Å—Ç–≤—É–µ—Ç
Toyota Camry VI (XV40) 2.4 ,$ 8 400,712 320 —Å–æ–º,https://im.mashina.kg/tachka/images//7/8/a/78a1ebe0376351193cbeae7aaca60353_1200x900.jpg,"['–ì–æ–¥ –≤—ã–ø—É—Å–∫–∞2008', '–ü—Ä–æ–±–µ–≥200000 –∫–º', '–ö—É–∑–æ–≤—Å–µ–¥–∞–Ω', '–¶–≤–µ—Ç —Å–µ—Ä—ã–π', '–î–≤–∏–≥–∞—Ç–µ–ª—å2.4 –ª. /  –±–µ–Ω–∑–∏–Ω', '–ö–æ—Ä–æ–±–∫–∞–∞–≤—Ç–æ–º–∞—Ç', '–ü—Ä–∏–≤–æ–¥–ø–µ—Ä–µ–¥–Ω–∏–π', '–†—É–ª—å—Å–ª–µ–≤–∞', '–°–æ—Å—Ç–æ—è–Ω–∏–µ—Ö–æ—Ä–æ—à–µ–µ', '–¢–∞–º–æ–∂–Ω—è—Ä–∞—Å—Ç–∞–º–æ–∂–µ–Ω', '–û–±–º–µ–Ω–∫–ª—é—á –Ω–∞ –∫–ª—é—á', '–ù–∞–ª–∏—á–∏–µ–≤ –Ω–∞–ª–∏—á–∏–∏', '–ü—Ä–æ—á–µ–µ–Ω–∞–ª–æ–≥ —É–ø–ª–∞—á–µ–Ω']",–û–ø–∏—Å–∞–Ω–∏–µ –æ—Ç—Å—É—Ç—Å—Ç–≤—É–µ—Ç
Mercedes-Benz S-–∫–ª–∞—Å—Å III (W140) –†–µ—Å—Ç–∞–π–ª–∏–Ω–≥ 500 5.0 ,$ 6 300,534 240 —Å–æ–º,https://im.mashina.kg/tachka/images//c/4/7/c47f167529b81fee214a3b155bddc3b0_1200x900.jpg,"['–ì–æ–¥ –≤—ã–ø—É—Å–∫–∞1998', '–ü—Ä–æ–±–µ–≥220000 –∫–º', '–ö—É–∑–æ–≤—Å–µ–¥–∞–Ω', '–¶–≤–µ—Ç —Å–µ—Ä–µ–±—Ä–∏—Å—Ç—ã–π', '–î–≤–∏–≥–∞—Ç–µ–ª—å5.0 –ª. /  –±–µ–Ω–∑–∏–Ω', '–ö–æ—Ä–æ–±–∫–∞–∞–≤—Ç–æ–º–∞—Ç', '–ü—Ä–∏–≤–æ–¥–∑–∞–¥–Ω–∏–π', '–†—É–ª—å—Å–ª–µ–≤–∞', '–°–æ—Å—Ç–æ—è–Ω–∏–µ—Ö–æ—Ä–æ—à–µ–µ', '–¢–∞–º–æ–∂–Ω—è—Ä–∞—Å—Ç–∞–º–æ–∂–µ–Ω', '–ù–∞–ª–∏—á–∏–µ–≤ –Ω–∞–ª–∏—á–∏–∏']",üî•üî•üî•–õ–ï–ì–ï–ù–î–êüî•üî•üî•
